Survey Question ID,Survey Question English Text,Global Data Question Text,Similarity Score,Survey Options,Global Data Options,Turkey Selection Data,Selected Response
Q1,"For each of the following, indicate how important it is in your life. Would you say it is very important, rather important, not very important or not important at all? Family","For each of the following aspects, indicate how important it is in your life. Would you say it is very important, rather important, not very important or not important at all

Family",0.9634665280801381,"['Very important', 'Rather important', 'Not very important', 'Not at all important']","['Very important', 'Rather important', 'Not very important', 'Not at all important', ""Don't know"", 'No answer', 'Other missing; Multiple answers Mail (EVS)']","[0.918, 0.07400000000000001, 0.006, 0.002, 0.0, 0.0, 0.0]",Very important
Q2,"For each of the following, indicate how important it is in your life. Would you say it is very important, rather important, not very important or not important at all? Friends","For each of the following aspects, indicate how important it is in your life. Would you say it is very important, rather important, not very important or not important at all

Friends",0.9645792572126953,"['Very important', 'Rather important', 'Not very important', 'Not at all important']","['Very important', 'Rather important', 'Not very important', 'Not at all important', ""Don't know"", 'No answer', 'Other missing; Multiple answers Mail (EVS)']","[0.617, 0.349, 0.028999999999999998, 0.004, 0.001, 0.0, 0.0]",Very important
Q3,"For each of the following, indicate how important it is in your life. Would you say it is very important, rather important, not very important or not important at all? Leisure time","For each of the following aspects, indicate how important it is in your life. Would you say it is very important, rather important, not very important or not important at all

Leisure time",0.9671749809853192,"['Very important', 'Rather important', 'Not very important', 'Not at all important']","['Very important', 'Rather important', 'Not very important', 'Not at all important', ""Don't know"", 'No answer', 'Other missing; Multiple answers Mail (EVS)']","[0.544, 0.381, 0.067, 0.006999999999999999, 0.002, 0.0, 0.0]",Very important
Q4,"For each of the following, indicate how important it is in your life. Would you say it is very important, rather important, not very important or not important at all? Politics","For each of the following aspects, indicate how important it is in your life. Would you say it is very important, rather important, not very important or not important at all

Politics",0.9639488303172355,"['Very important', 'Rather important', 'Not very important', 'Not at all important']","['Very important', 'Rather important', 'Not very important', 'Not at all important', ""Don't know"", 'No answer', 'Other missing; Multiple answers Mail (EVS)']","[0.209, 0.353, 0.297, 0.131, 0.006999999999999999, 0.002, 0.0]",Rather important
Q5,"For each of the following, indicate how important it is in your life. Would you say it is very important, rather important, not very important or not important at all? Work","For each of the following aspects, indicate how important it is in your life. Would you say it is very important, rather important, not very important or not important at all

Work",0.9630593790347727,"['Very important', 'Rather important', 'Not very important', 'Not at all important']","['Very important', 'Rather important', 'Not very important', 'Not at all important', ""Don't know"", 'No answer', 'Other missing; Multiple answers Mail (EVS)']","[0.459, 0.378, 0.133, 0.025, 0.002, 0.003, 0.0]",Very important
Q6,"For each of the following, indicate how important it is in your life. Would you say it is very important, rather important, not very important or not important at all? Religion","For each of the following aspects, indicate how important it is in your life. Would you say it is very important, rather important, not very important or not important at all

Religion",0.9634665280801381,"['Very important', 'Rather important', 'Not very important', 'Not at all important']","['Very important', 'Rather important', 'Not very important', 'Not at all important', ""Don't know"", 'No answer', 'Other missing; Multiple answers Mail (EVS)']","[0.6, 0.284, 0.10400000000000001, 0.01, 0.0, 0.002, 0.0]",Very important
Q7,"Here is a list of qualities that children can be encouraged to learn at home. Which, if any, do you consider to be especially important? Please choose up to five! Good manners","Here is a list of qualities that children can be encouraged to learn at home. Which, if any, do you consider to be especially important? Please choose up to five.

Good manners",1.0,"['Mentioned', 'Not mentioned']","['Not mentioned', 'Important', ""Don't know"", 'No answer', 'Other missing; Multiple answers Mail (EVS)']","[0.16399999999999998, 0.8, 0.009000000000000001, 0.027000000000000003, 0.0]",Important
Q8,"Here is a list of qualities that children can be encouraged to learn at home. Which, if any, do you consider to be especially important? Please choose up to five! Independence","Here is a list of qualities that children can be encouraged to learn at home. Which, if any, do you consider to be especially important? Please choose up to five.

Independence",1.0000000000000002,"['Mentioned', 'Not mentioned']","['Important', 'Not mentioned', ""Don't know"", 'No answer', 'Other missing; Multiple answers Mail (EVS)']","[0.29600000000000004, 0.6409999999999999, 0.034, 0.027999999999999997, 0.0]",Not mentioned
Q9,"Here is a list of qualities that children can be encouraged to learn at home. Which, if any, do you consider to be especially important? Please choose up to five! Hard work","Here is a list of qualities that children can be encouraged to learn at home. Which, if any, do you consider to be especially important? Please choose up to five.

Hard work",1.0000000000000002,"['Mentioned', 'Not mentioned']","['Important', 'Not mentioned', ""Don't know"", 'No answer', 'Other missing; Multiple answers Mail (EVS)']","[0.623, 0.337, 0.015, 0.026000000000000002, 0.0]",Important
Q10,"Here is a list of qualities that children can be encouraged to learn at home. Which, if any, do you consider to be especially important? Please choose up to five! Feeling of responsibility","Here is a list of qualities that children can be encouraged to learn at home. Which, if any, do you consider to be especially important? Please choose up to five.

Feeling of responsibility",1.0,"['Mentioned', 'Not mentioned']","['Important', 'Not mentioned', ""Don't know"", 'No answer', 'Other missing; Multiple answers Mail (EVS)']","[0.609, 0.35600000000000004, 0.018000000000000002, 0.017, 0.0]",Important
Q11,"Here is a list of qualities that children can be encouraged to learn at home. Which, if any, do you consider to be especially important? Please choose up to five! Imagination","Here is a list of qualities that children can be encouraged to learn at home. Which, if any, do you consider to be especially important? Please choose up to five.

Imagination",1.0000000000000002,"['Mentioned', 'Not mentioned']","['Important', 'Not mentioned', ""Don't know"", 'No answer', 'Other missing; Multiple answers Mail (EVS)']","[0.172, 0.726, 0.047, 0.055, 0.0]",Not mentioned
Q12,"Here is a list of qualities that children can be encouraged to learn at home. Which, if any, do you consider to be especially important? Please choose up to five! Tolerance and respect for other people","Here is a list of qualities that children can be encouraged to learn at home. Which, if any, do you consider to be especially important? Please choose up to five.

Tolerance and respect for other people",1.0,"['Mentioned', 'Not mentioned']","['Important', 'Not mentioned', ""Don't know"", 'No answer', 'Other missing; Multiple answers Mail (EVS)']","[0.633, 0.317, 0.025, 0.024, 0.0]",Important
Q13,"Here is a list of qualities that children can be encouraged to learn at home. Which, if any, do you consider to be especially important? Please choose up to five! Thrift, saving money and things","Here is a list of qualities that children can be encouraged to learn at home. Which, if any, do you consider to be especially important? Please choose up to five.

Thrift saving money and things",1.0000000000000002,"['Mentioned', 'Not mentioned']","['Important', 'Not mentioned', ""Don't know"", 'No answer', 'Other missing; Multiple answers Mail (EVS)']","[0.364, 0.561, 0.040999999999999995, 0.035, 0.0]",Not mentioned
Q14,"Here is a list of qualities that children can be encouraged to learn at home. Which, if any, do you consider to be especially important? Please choose up to five! Determination, perseverance","Here is a list of qualities that children can be encouraged to learn at home. Which, if any, do you consider to be especially important? Please choose up to five.

Determination, perseverance",1.0,"['Mentioned', 'Not mentioned']","['Important', 'Not mentioned', ""Don't know"", 'No answer', 'Other missing; Multiple answers Mail (EVS)']","[0.384, 0.533, 0.038, 0.046, 0.0]",Not mentioned
Q16,"Here is a list of qualities that children can be encouraged to learn at home. Which, if any, do you consider to be especially important? Please choose up to five! Not being selfish (unselfishness)","Here is a list of qualities that children can be encouraged to learn at home. Which, if any, do you consider to be especially important? Please choose up to five.

Not being selfish (unselfishness)",1.0,"['Mentioned', 'Not mentioned']","['Important', 'Not mentioned', ""Don't know"", 'No answer', 'Other missing; Multiple answers Mail (EVS)']","[0.252, 0.645, 0.047, 0.055999999999999994, 0.0]",Not mentioned
Q17,"Here is a list of qualities that children can be encouraged to learn at home. Which, if any, do you consider to be especially important? Please choose up to five! Obedience","Here is a list of qualities that children can be encouraged to learn at home. Which, if any, do you consider to be especially important? Please choose up to five.

Obedience",1.0000000000000002,"['Mentioned', 'Not mentioned']","['Important', 'Not mentioned', ""Don't know"", 'No answer', 'Other missing; Multiple answers Mail (EVS)']","[0.341, 0.557, 0.038, 0.065, 0.0]",Not mentioned
Q18,On this list are various groups of people. Could you please mention any that you would not like to have as neighbors? Drug addicts,"On this list are various groups of people. Could you please mention any that you would not like to have as neighbors?

Drug addicts",1.0000000000000004,"['Mentioned', 'Not mentioned']","['Mentioned', 'Not mentioned', ""Don't know"", 'No answer', 'Other missing; Multiple answers Mail (EVS)']","[0.8890000000000001, 0.10400000000000001, 0.004, 0.003, 0.0]",Mentioned
Q19,On this list are various groups of people. Could you please mention any that you would not like to have as neighbors? People of a different race,"On this list are various groups of people. Could you please mention any that you would not like to have as neighbors?

People of a different race",1.0000000000000002,"['Mentioned', 'Not mentioned']","['Mentioned', 'Not mentioned', ""Don't know"", 'No answer', 'Other missing; Multiple answers Mail (EVS)']","[0.41200000000000003, 0.5720000000000001, 0.012, 0.004, 0.0]",Not mentioned
Q20,On this list are various groups of people. Could you please mention any that you would not like to have as neighbors? People who have AIDS,"On this list are various groups of people. Could you please mention any that you would not like to have as neighbors?

People who have AIDS",0.9999999999999999,"['Mentioned', 'Not mentioned']","['Mentioned', 'Not mentioned', ""Don't know"", 'No answer', 'Missing; Not available']","[0.7070000000000001, 0.251, 0.036000000000000004, 0.006, 0.0]",Mentioned
Q22,On this list are various groups of people. Could you please mention any that you would not like to have as neighbors? Homosexuals,"On this list are various groups of people. Could you please mention any that you would not like to have as neighbors?

Homosexuals",1.0000000000000002,"['Mentioned', 'Not mentioned']","['Mentioned', 'Not mentioned', ""Don't know"", 'No answer', 'Other missing; Multiple answers Mail (EVS)']","[0.758, 0.207, 0.024, 0.011000000000000001, 0.0]",Mentioned
Q23,On this list are various groups of people. Could you please mention any that you would not like to have as neighbors? People of a different religion,"On this list are various groups of people. Could you please mention any that you would not like to have as neighbors?

People of a different religion",1.0000000000000002,"['Mentioned', 'Not mentioned']","['Mentioned', 'Not mentioned', ""Don't know"", 'No answer', 'Missing; Not available']","[0.414, 0.564, 0.017, 0.005, 0.0]",Not mentioned
Q24,On this list are various groups of people. Could you please mention any that you would not like to have as neighbors? Heavy drinkers,"On this list are various groups of people. Could you please mention any that you would not like to have as neighbors?

Heavy drinkers",1.0,"['Mentioned', 'Not mentioned']","['Mentioned', 'Not mentioned', ""Don't know"", 'No answer', 'Other missing; Multiple answers Mail (EVS)']","[0.725, 0.254, 0.017, 0.004, 0.0]",Mentioned
Q25,On this list are various groups of people. Could you please mention any that you would not like to have as neighbors? Unmarried couples living together,"On this list are various groups of people. Could you please mention any that you would not like to have as neighbors?

Unmarried couples living together",1.0000000000000002,"['Mentioned', 'Not mentioned']","['Mentioned', 'Not mentioned', ""Don't know"", 'No answer', 'Missing; Not available']","[0.554, 0.405, 0.036000000000000004, 0.006, 0.0]",Mentioned
Q26,On this list are various groups of people. Could you please mention any that you would not like to have as neighbors? People who speak a different language,"On this list are various groups of people. Could you please mention any that you would not like to have as neighbors?

People who speak a different language",1.0000000000000002,"['Mentioned', 'Not mentioned', '2017', '-2021', '7', 'Fikri Yok', '-3', 'Cevap Yok', '-5', '5', '27']","['Mentioned', 'Not mentioned', ""Don't know"", 'No answer', 'Missing; Not available']","[0.359, 0.613, 0.02, 0.008, 0.0]",Not mentioned
Q28,"For each of the following statements I read out, can you tell me how strongly you agree or disagree with each. Do you strongly agree, agree, disagree, or strongly disagree? When a mother works for pay, the children suffer","For each of the following statements I read out, can you tell me how much you agree with each. Do you agree strongly, agree, disagree, or disagree strongly?

When a mother works for pay, the children suffer",0.9755446907520522,"['Strongly agree', 'Agree', 'Disagree', 'Strongly disagree']","['Agree strongly', 'Agree', 'Disagree', 'Strongly disagree', ""Don't know"", 'No answer', 'Other missing; Multiple answers Mail (EVS)']","[0.132, 0.383, 0.34700000000000003, 0.11, 0.024, 0.004, 0.0]",Agree
Q29,"For each of the following statements I read out, can you tell me how strongly you agree or disagree with each. Do you strongly agree, agree, disagree, or strongly disagree? On the whole, men make better political leaders than women do","For each of the following statements I read out, can you tell me how much you agree with each. Do you agree strongly, agree, disagree, or disagree strongly?

On the whole, men make better political leaders than women do",0.9745168564077628,"['Strongly agree', 'Agree', 'Disagree', 'Strongly disagree']","['Agree strongly', 'Agree', 'Disagree', 'Strongly disagree', ""Don't know"", 'No answer', 'Other missing; Multiple answers Mail (EVS)']","[0.134, 0.384, 0.34299999999999997, 0.107, 0.031000000000000003, 0.002, 0.0]",Agree
Q30,"For each of the following statements I read out, can you tell me how strongly you agree or disagree with each. Do you strongly agree, agree, disagree, or strongly disagree? A university education is more important for a boy than for a girl","For each of the following statements I read out, can you tell me how much you agree with each. Do you agree strongly, agree, disagree, or disagree strongly?

A university education is more important for a boy than for a girl",0.9759623447496809,"['Strongly agree', 'Agree', 'Disagree', 'Strongly disagree']","['Agree strongly', 'Agree', 'Disagree', 'Strongly disagree', ""Don't know"", 'No answer', 'Other missing; Multiple answers Mail (EVS)']","[0.068, 0.252, 0.39, 0.27, 0.019, 0.002, 0.0]",Disagree
Q31,"For each of the following statements I read out, can you tell me how strongly you agree or disagree with each. Do you strongly agree, agree, disagree, or strongly disagree? On the whole , men make better business executives than women do","For each of the following statements I read out, can you tell me how strongly you agree or disagree with each. Do you strongly agree, agree, disagree, or strongly disagree?

On the whole, men make better business executives than women do",1.0000000000000002,"['Strongly agree', 'Agree', 'Disagree', 'Strongly disagree']","['Agree strongly', 'Agree', 'Disagree', 'Strongly disagree', ""Don't know"", 'No answer', 'Other missing; Multiple answers Mail (EVS)']","[0.11, 0.353, 0.37200000000000005, 0.121, 0.042, 0.003, 0.0]",Disagree
Q32,"For each of the following statements I read out, can you tell me how strongly you agree or disagree with each. Do you strongly agree, agree, disagree, or strongly disagree? Being a housewife is just as fulfilling as working for pay","For each of the following statements I read out, can you tell me how much you agree with each. Do you agree strongly, agree, disagree, or disagree strongly?

Being a housewife is just as fulfilling as working for pay",0.9766752799870332,"['Strongly agree', 'Agree', 'Disagree', 'Strongly disagree']","['Agree strongly', 'Agree', 'Disagree', 'Strongly disagree', ""Don't know"", 'No answer', 'Missing; Unknown']","[0.179, 0.439, 0.272, 0.07, 0.034, 0.005, 0.0]",Agree
Q42,On this card are three basic kinds of attitudes concerning the society we live in. Please choose the one which best describes your own opinion?,On this card are three basic kinds of attitudes concerning the society we live in. Please choose the one which best describes your own opinion.,1.0,"['The entire way our society is organized must be radically changed by revolutionary action', 'Our society must be gradually improved by reforms', 'Our present society must be valiantly defended against all subversive forces']","['The entire way our society is organized must be radically changed by revolutionary action', 'Our society must be gradually improved by reforms', 'Our present society must be valiantly defended against all subversive forces', ""Don't know"", 'No answer', 'Missing; Not available']","[0.237, 0.573, 0.16, 0.024, 0.006999999999999999, 0.0]",Our society must be gradually improved by reforms
Q43,"I'm going to read out a list of various changes in our way of life that might take place in the near future. Please tell me for each one, if it were to happen, whether you think it would be a good thing, a bad thing, or don't you mind? Less importance placed on work in our lives","I'm going to read out a list of various changes in our way of life that might take place in the near future. Please tell me for each one, if it were to happen, whether you think it would be a good thing, a bad thing, or don't you mind?

Less importance placed on work in our lives",1.0,"['Good', 'Don’t mind', 'Bad']","['Good thing', ""Don't mind"", 'Bad thing', ""Don't know"", 'No answer', 'Other missing; Multiple answers Mail (EVS)']","[0.391, 0.255, 0.337, 0.013999999999999999, 0.003, 0.0]",Good thing
Q44,"I'm going to read out a list of various changes in our way of life that might take place in the near future. Please tell me for each one, if it were to happen, whether you think it would be a good thing, a bad thing, or don't you mind? More emphasis on the development of technology","I'm going to read out a list of various changes in our way of life that might take place in the near future. Please tell me for each one, if it were to happen, whether you think it would be a good thing, a bad thing, or don't you mind?

More emphasis on the development of technology",1.0,"['Good', 'Don’t mind', 'Bad']","['Good thing', ""Don't mind"", 'Bad thing', ""Don't know"", 'No answer', 'Missing; Unknown']","[0.546, 0.316, 0.127, 0.01, 0.002, 0.0]",Good thing
Q45,"I'm going to read out a list of various changes in our way of life that might take place in the near future. Please tell me for each one, if it were to happen, whether you think it would be a good thing, a bad thing, or don't you mind? Greater respect for authority","I'm going to read out a list of various changes in our way of life that might take place in the near future. Please tell me for each one, if it were to happen, whether you think it would be a good thing, a bad thing, or don't you mind?

Greater respect for authority",1.0,"['Good', 'Don’t mind', 'Bad']","['Good thing', ""Don't mind"", 'Bad thing', ""Don't know"", 'No answer', 'Other missing; Multiple answers Mail (EVS)']","[0.38799999999999996, 0.423, 0.157, 0.028999999999999998, 0.002, 0.0]",Don't mind
Q57,"Generally speaking, would you say that most people can be trusted or that you need to be very careful in dealing with people?","Generally speaking, would you say that most people can be trusted or that you need to be very careful in dealing with people?",1.0,[],"['Most people can be trusted', 'Need to be very careful', ""Don't know"", 'No answer', 'Other missing; Multiple answers Mail (EVS)']","[0.14, 0.841, 0.016, 0.002, 0.0]",Need to be very careful
Q59,"I‘d like to ask you how much you trust people from various groups. Could you tell me for each whether you trust people from this group completely, somewhat, not very much or not at all? Your neighborhood","I ‘d like to ask you how much you trust people from various groups. Could you tell me for each whether you trust people from this group completely, somewhat, not very much or not at all?

Your neighborhood",1.0000000000000002,"['Trust completely', 'Trust somewhat', 'Do not trust very much', 'Do not trust at all']","['Trust completely', 'Trust somewhat', 'Do not trust very much', 'Do not trust at all', ""Don't know"", 'No answer', 'Other missing; Multiple answers Mail (EVS)']","[0.19899999999999998, 0.619, 0.145, 0.034, 0.001, 0.002, 0.0]",Trust somewhat
Q60,"I‘d like to ask you how much you trust people from various groups. Could you tell me for each whether you trust people from this group completely, somewhat, not very much or not at all? People you know personally","I ‘d like to ask you how much you trust people from various groups. Could you tell me for each whether you trust people from this group completely, somewhat, not very much or not at all?

People you know personally",1.0000000000000002,"['Trust completely', 'Trust somewhat', 'Do not trust very much', 'Do not trust at all']","['Trust completely', 'Trust somewhat', 'Do not trust very much', 'Do not trust at all', ""Don't know"", 'No answer', 'Other missing; Multiple answers Mail (EVS)']","[0.14300000000000002, 0.5660000000000001, 0.21, 0.078, 0.001, 0.001, 0.0]",Trust somewhat
Q61,"I‘d like to ask you how much you trust people from various groups. Could you tell me for each whether you trust people from this group completely, somewhat, not very much or not at all? People you meet for the first time","I ‘d like to ask you how much you trust people from various groups. Could you tell me for each whether you trust people from this group completely, somewhat, not very much or not at all?

People you meet for the first time",1.0000000000000002,"['Trust completely', 'Trust somewhat', 'Do not trust very much', 'Do not trust at all']","['Trust completely', 'Trust somewhat', 'Do not trust very much', 'Do not trust at all', ""Don't know"", 'No answer', 'Other missing; Multiple answers Mail (EVS)']","[0.032, 0.219, 0.461, 0.28500000000000003, 0.002, 0.0, 0.0]",Do not trust very much
Q62,"I‘d like to ask you how much you trust people from various groups. Could you tell me for each whether you trust people from this group completely, somewhat, not very much or not at all? People of another religion","I ‘d like to ask you how much you trust people from various groups. Could you tell me for each whether you trust people from this group completely, somewhat, not very much or not at all?

People of another religion",1.0,"['Trust completely', 'Trust somewhat', 'Do not trust very much', 'Do not trust at all']","['Trust completely', 'Trust somewhat', 'Do not trust very much', 'Do not trust at all', ""Don't know"", 'No answer', 'Other missing; Multiple answers Mail (EVS)']","[0.032, 0.29600000000000004, 0.41700000000000004, 0.21100000000000002, 0.042, 0.002, 0.0]",Do not trust very much
Q63,"I‘d like to ask you how much you trust people from various groups. Could you tell me for each whether you trust people from this group completely, somewhat, not very much or not at all? People of another nationality","I ‘d like to ask you how much you trust people from various groups. Could you tell me for each whether you trust people from this group completely, somewhat, not very much or not at all?

People of another nationality",1.0000000000000002,"['Trust completely', 'Trust somewhat', 'Do not trust very much', 'Do not trust at all']","['Trust completely', 'Trust somewhat', 'Do not trust very much', 'Do not trust at all', ""Don't know"", 'No answer', 'Other missing; Multiple answers Mail (EVS)']","[0.028999999999999998, 0.281, 0.436, 0.215, 0.034, 0.005, 0.0]",Do not trust very much
Q64,"I am going to name a number of organizations. For each one, could you tell me how much confidence you have in them: is it a great deal of confidence, quite a lot of confidence, not very much confidence or none at all? The churches(mosque, temple etc.)","I am going to name a number of organizations. For each one, could you tell me how much confidence you have in them: is it a great deal of confidence, quite a lot of confidence, not very much confidence or none at all?

The Churches (mosque, temple etc.)",1.0,"['A great deal', 'Quite a lot', 'Not very much', 'None at all']","['A great deal', 'Quite a lot', 'Not very much', 'None at all', ""Don't know"", 'No answer', 'Other missing; Multiple answers Mail (EVS)']","[0.218, 0.48700000000000004, 0.217, 0.064, 0.012, 0.003, 0.0]",Quite a lot
Q65,"I am going to name a number of organizations. For each one, could you tell me how much confidence you have in them: is it a great deal of confidence, quite a lot of confidence, not very much confidence or none at all? The armed forces","I am going to name a number of organizations. For each one, could you tell me how much confidence you have in them: is it a great deal of confidence, quite a lot of confidence, not very much confidence or none at all?

The armed forces",1.0000000000000002,"['A great deal', 'Quite a lot', 'Not very much', 'None at all']","['A great deal', 'Quite a lot', 'Not very much', 'None at all', ""Don't know"", 'No answer', 'Other missing; Multiple answers Mail (EVS)']","[0.466, 0.385, 0.10300000000000001, 0.035, 0.006, 0.005, 0.0]",A great deal
Q66,"I am going to name a number of organizations. For each one, could you tell me how much confidence you have in them: is it a great deal of confidence, quite a lot of confidence, not very much confidence or none at all? The press","I am going to name a number of organizations. For each one, could you tell me how much confidence you have in them: is it a great deal of confidence, quite a lot of confidence, not very much confidence or none at all?

The press",1.0000000000000002,"['A great deal', 'Quite a lot', 'Not very much', 'None at all']","['A great deal', 'Quite a lot', 'Not very much', 'None at all', ""Don't know"", 'No answer', 'Other missing; Multiple answers Mail (EVS)']","[0.066, 0.368, 0.381, 0.172, 0.01, 0.003, 0.0]",Not very much
Q67,"I am going to name a number of organizations. For each one, could you tell me how much confidence you have in them: is it a great deal of confidence, quite a lot of confidence, not very much confidence or none at all? Television","I am going to name a number of organizations. For each one, could you tell me how much confidence you have in them: is it a great deal of confidence, quite a lot of confidence, not very much confidence or none at all?

Television",1.0000000000000002,"['A great deal', 'Quite a lot', 'Not very much', 'None at all']","['A great deal', 'Quite a lot', 'Not very much', 'None at all', ""Don't know"", 'No answer', 'Missing; Not available']","[0.059000000000000004, 0.429, 0.364, 0.13699999999999998, 0.008, 0.003, 0.0]",Quite a lot
Q69,"I am going to name a number of organizations. For each one, could you tell me how much confidence you have in them: is it a great deal of confidence, quite a lot of confidence, not very much confidence or none at all? The police","I am going to name a number of organizations. For each one, could you tell me how much confidence you have in them: is it a great deal of confidence, quite a lot of confidence, not very much confidence or none at all?

Elections",0.9508685829521183,"['A great deal', 'Quite a lot', 'Not very much', 'None at all']","['A great deal', 'Quite a lot', 'Not very much', 'None at all', ""Don't know"", 'No answer', 'Missing; Unknown']","[0.14, 0.45, 0.27899999999999997, 0.099, 0.02, 0.011000000000000001, 0.0]",Quite a lot
Q69,"I am going to name a number of organizations. For each one, could you tell me how much confidence you have in them: is it a great deal of confidence, quite a lot of confidence, not very much confidence or none at all? The police","I am going to name a number of organizations. For each one, could you tell me how much confidence you have in them: is it a great deal of confidence, quite a lot of confidence, not very much confidence or none at all?

The police",1.0,"['A great deal', 'Quite a lot', 'Not very much', 'None at all']","['A great deal', 'Quite a lot', 'Not very much', 'None at all', ""Don't know"", 'No answer', 'Other missing; Multiple answers Mail (EVS)']","[0.381, 0.455, 0.115, 0.040999999999999995, 0.003, 0.004, 0.0]",Quite a lot
Q70,"I am going to name a number of organizations. For each one, could you tell me how much confidence you have in them: is it a great deal of confidence, quite a lot of confidence, not very much confidence or none at all? The courts","I am going to name a number of organizations. For each one, could you tell me how much confidence you have in them: is it a great deal of confidence, quite a lot of confidence, not very much confidence or none at all?

The courts",1.0000000000000002,"['A great deal', 'Quite a lot', 'Not very much', 'None at all']","['A great deal', 'Quite a lot', 'Not very much', 'None at all', ""Don't know"", 'No answer', 'Other missing; Multiple answers Mail (EVS)']","[0.251, 0.48600000000000004, 0.18100000000000002, 0.071, 0.006999999999999999, 0.004, 0.0]",Quite a lot
Q71,"I am going to name a number of organizations. For each one, could you tell me how much confidence you have in them: is it a great deal of confidence, quite a lot of confidence, not very much confidence or none at all? The government","I am going to name a number of organizations. For each one, could you tell me how much confidence you have in them: is it a great deal of confidence, quite a lot of confidence, not very much confidence or none at all?

Elections",0.9663726505419816,"['A great deal', 'Quite a lot', 'Not very much', 'None at all']","['A great deal', 'Quite a lot', 'Not very much', 'None at all', ""Don't know"", 'No answer', 'Missing; Unknown']","[0.14, 0.45, 0.27899999999999997, 0.099, 0.02, 0.011000000000000001, 0.0]",Quite a lot
Q71,"I am going to name a number of organizations. For each one, could you tell me how much confidence you have in them: is it a great deal of confidence, quite a lot of confidence, not very much confidence or none at all? The government","I am going to name a number of organizations. For each one, could you tell me how much confidence you have in them: is it a great deal of confidence, quite a lot of confidence, not very much confidence or none at all?

Television",0.9563386896814671,"['A great deal', 'Quite a lot', 'Not very much', 'None at all']","['A great deal', 'Quite a lot', 'Not very much', 'None at all', ""Don't know"", 'No answer', 'Missing; Not available']","[0.059000000000000004, 0.429, 0.364, 0.13699999999999998, 0.008, 0.003, 0.0]",Quite a lot
Q71,"I am going to name a number of organizations. For each one, could you tell me how much confidence you have in them: is it a great deal of confidence, quite a lot of confidence, not very much confidence or none at all? The government","I am going to name a number of organizations. For each one, could you tell me how much confidence you have in them: is it a great deal of confidence, quite a lot of confidence, not very much confidence or none at all?

The European Union",0.9555111927323652,"['A great deal', 'Quite a lot', 'Not very much', 'None at all']","['A great deal', 'Quite a lot', 'Not very much', 'None at all', ""Don't know"", 'No answer', 'Missing']","[0.046, 0.268, 0.383, 0.24800000000000003, 0.040999999999999995, 0.013000000000000001, 0.0]",Not very much
Q71,"I am going to name a number of organizations. For each one, could you tell me how much confidence you have in them: is it a great deal of confidence, quite a lot of confidence, not very much confidence or none at all? The government","I am going to name a number of organizations. For each one, could you tell me how much confidence you have in them: is it a great deal of confidence, quite a lot of confidence, not very much confidence or none at all?

Banks",0.952377598148339,"['A great deal', 'Quite a lot', 'Not very much', 'None at all']","['A great deal', 'Quite a lot', 'Not very much', 'None at all', ""Don't know"", 'No answer', 'Missing; Unknown']","[0.084, 0.32799999999999996, 0.348, 0.212, 0.017, 0.011000000000000001, 0.0]",Not very much
Q71,"I am going to name a number of organizations. For each one, could you tell me how much confidence you have in them: is it a great deal of confidence, quite a lot of confidence, not very much confidence or none at all? The government","I am going to name a number of organizations. For each one, could you tell me how much confidence you have in them: is it a great deal of confidence, quite a lot of confidence, not very much confidence or none at all?

Women´s organizations",0.9603484813590977,"['A great deal', 'Quite a lot', 'Not very much', 'None at all']","['A great deal', 'Quite a lot', 'Not very much', 'None at all', ""Don't know"", 'No answer', 'Missing; Not available']","[0.11599999999999999, 0.454, 0.263, 0.111, 0.047, 0.008, 0.0]",Quite a lot
Q71,"I am going to name a number of organizations. For each one, could you tell me how much confidence you have in them: is it a great deal of confidence, quite a lot of confidence, not very much confidence or none at all? The government","I am going to name a number of organizations. For each one, could you tell me how much confidence you have in them: is it a great deal of confidence, quite a lot of confidence, not very much confidence or none at all?

The police",0.9627572849633927,"['A great deal', 'Quite a lot', 'Not very much', 'None at all']","['A great deal', 'Quite a lot', 'Not very much', 'None at all', ""Don't know"", 'No answer', 'Other missing; Multiple answers Mail (EVS)']","[0.381, 0.455, 0.115, 0.040999999999999995, 0.003, 0.004, 0.0]",Quite a lot
Q71,"I am going to name a number of organizations. For each one, could you tell me how much confidence you have in them: is it a great deal of confidence, quite a lot of confidence, not very much confidence or none at all? The government","I am going to name a number of organizations. For each one, could you tell me how much confidence you have in them: is it a great deal of confidence, quite a lot of confidence, not very much confidence or none at all?

Political Parties",0.9517143250640139,"['A great deal', 'Quite a lot', 'Not very much', 'None at all']","['A great deal', 'Quite a lot', 'Not very much', 'None at all', ""Don't know"", 'No answer', 'Other missing; Multiple answers Mail (EVS)']","[0.08199999999999999, 0.42100000000000004, 0.37200000000000005, 0.10099999999999999, 0.018000000000000002, 0.006999999999999999, 0.0]",Quite a lot
Q71,"I am going to name a number of organizations. For each one, could you tell me how much confidence you have in them: is it a great deal of confidence, quite a lot of confidence, not very much confidence or none at all? The government","I am going to name a number of organizations. For each one, could you tell me how much confidence you have in them: is it a great deal of confidence, quite a lot of confidence, not very much confidence or none at all?

Parliament",0.950113547971008,"['A great deal', 'Quite a lot', 'Not very much', 'None at all']","['A great deal', 'Quite a lot', 'Not very much', 'None at all', ""Don't know"", 'No answer', 'Other missing; Multiple answers Mail (EVS)']","[0.12300000000000001, 0.469, 0.282, 0.099, 0.019, 0.009000000000000001, 0.0]",Quite a lot
Q71,"I am going to name a number of organizations. For each one, could you tell me how much confidence you have in them: is it a great deal of confidence, quite a lot of confidence, not very much confidence or none at all? The government","I am going to name a number of organizations. For each one, could you tell me how much confidence you have in them: is it a great deal of confidence, quite a lot of confidence, not very much confidence or none at all?

The United Nations",0.9562883822120973,"['A great deal', 'Quite a lot', 'Not very much', 'None at all']","['A great deal', 'Quite a lot', 'Not very much', 'None at all', ""Don't know"", 'No answer', 'Other missing; Multiple answers Mail (EVS)']","[0.044000000000000004, 0.27, 0.386, 0.23500000000000001, 0.049, 0.015, 0.0]",Not very much
Q72,"I am going to name a number of organizations. For each one, could you tell me how much confidence you have in them: is it a great deal of confidence, quite a lot of confidence, not very much confidence or none at all? Political parties","I am going to name a number of organizations. For each one, could you tell me how much confidence you have in them: is it a great deal of confidence, quite a lot of confidence, not very much confidence or none at all?

Political Parties",1.0,"['A great deal', 'Quite a lot', 'Not very much', 'None at all']","['A great deal', 'Quite a lot', 'Not very much', 'None at all', ""Don't know"", 'No answer', 'Other missing; Multiple answers Mail (EVS)']","[0.08199999999999999, 0.42100000000000004, 0.37200000000000005, 0.10099999999999999, 0.018000000000000002, 0.006999999999999999, 0.0]",Quite a lot
Q73,"I am going to name a number of organizations. For each one, could you tell me how much confidence you have in them: is it a great deal of confidence, quite a lot of confidence, not very much confidence or none at all? Parliament","I am going to name a number of organizations. For each one, could you tell me how much confidence you have in them: is it a great deal of confidence, quite a lot of confidence, not very much confidence or none at all?

Parliament",1.0,"['A great deal', 'Quite a lot', 'Not very much', 'None at all']","['A great deal', 'Quite a lot', 'Not very much', 'None at all', ""Don't know"", 'No answer', 'Other missing; Multiple answers Mail (EVS)']","[0.12300000000000001, 0.469, 0.282, 0.099, 0.019, 0.009000000000000001, 0.0]",Quite a lot
Q75,"I am going to name a number of organizations. For each one, could you tell me how much confidence you have in them: is it a great deal of confidence, quite a lot of confidence, not very much confidence or none at all? Universities","I am going to name a number of organizations. For each one, could you tell me how much confidence you have in them: is it a great deal of confidence, quite a lot of confidence, not very much confidence or none at all?

Universities",1.0000000000000002,"['A great deal', 'Quite a lot', 'Not very much', 'None at all']","['A great deal', 'Quite a lot', 'Not very much', 'None at all', ""Don't know"", 'No answer', 'Missing; Not available']","[0.16399999999999998, 0.515, 0.23, 0.055, 0.03, 0.006, 0.0]",Quite a lot
Q76,"I am going to name a number of organizations. For each one, could you tell me how much confidence you have in them: is it a great deal of confidence, quite a lot of confidence, not very much confidence or none at all? Elections","I am going to name a number of organizations. For each one, could you tell me how much confidence you have in them: is it a great deal of confidence, quite a lot of confidence, not very much confidence or none at all?

Elections",1.0000000000000002,"['A great deal', 'Quite a lot', 'Not very much', 'None at all']","['A great deal', 'Quite a lot', 'Not very much', 'None at all', ""Don't know"", 'No answer', 'Missing; Unknown']","[0.14, 0.45, 0.27899999999999997, 0.099, 0.02, 0.011000000000000001, 0.0]",Quite a lot
Q76,"I am going to name a number of organizations. For each one, could you tell me how much confidence you have in them: is it a great deal of confidence, quite a lot of confidence, not very much confidence or none at all? Elections","I am going to name a number of organizations. For each one, could you tell me how much confidence you have in them: is it a great deal of confidence, quite a lot of confidence, not very much confidence or none at all?

Women´s organizations",0.9517167410546893,"['A great deal', 'Quite a lot', 'Not very much', 'None at all']","['A great deal', 'Quite a lot', 'Not very much', 'None at all', ""Don't know"", 'No answer', 'Missing; Not available']","[0.11599999999999999, 0.454, 0.263, 0.111, 0.047, 0.008, 0.0]",Quite a lot
Q76,"I am going to name a number of organizations. For each one, could you tell me how much confidence you have in them: is it a great deal of confidence, quite a lot of confidence, not very much confidence or none at all? Elections","I am going to name a number of organizations. For each one, could you tell me how much confidence you have in them: is it a great deal of confidence, quite a lot of confidence, not very much confidence or none at all?

The police",0.9508685829521183,"['A great deal', 'Quite a lot', 'Not very much', 'None at all']","['A great deal', 'Quite a lot', 'Not very much', 'None at all', ""Don't know"", 'No answer', 'Other missing; Multiple answers Mail (EVS)']","[0.381, 0.455, 0.115, 0.040999999999999995, 0.003, 0.004, 0.0]",Quite a lot
Q77,"I am going to name a number of organizations. For each one, could you tell me how much confidence you have in them: is it a great deal of confidence, quite a lot of confidence, not very much confidence or none at all? Major companies","I am going to name a number of organizations. For each one, could you tell me how much confidence you have in them: is it a great deal of confidence, quite a lot of confidence, not very much confidence or none at all?

Major Companies",1.0000000000000002,"['A great deal', 'Quite a lot', 'Not very much', 'None at all']","['A great deal', 'Quite a lot', 'Not very much', 'None at all', ""Don't know"", 'No answer', 'Other missing; Multiple answers Mail (EVS)']","[0.067, 0.41700000000000004, 0.34700000000000003, 0.12300000000000001, 0.038, 0.008, 0.0]",Quite a lot
Q78,"I am going to name a number of organizations. For each one, could you tell me how much confidence you have in them: is it a great deal of confidence, quite a lot of confidence, not very much confidence or none at all? Banks","I am going to name a number of organizations. For each one, could you tell me how much confidence you have in them: is it a great deal of confidence, quite a lot of confidence, not very much confidence or none at all?

Banks",1.0,"['A great deal', 'Quite a lot', 'Not very much', 'None at all']","['A great deal', 'Quite a lot', 'Not very much', 'None at all', ""Don't know"", 'No answer', 'Missing; Unknown']","[0.084, 0.32799999999999996, 0.348, 0.212, 0.017, 0.011000000000000001, 0.0]",Not very much
Q79,"I am going to name a number of organizations. For each one, could you tell me how much confidence you have in them: is it a great deal of confidence, quite a lot of confidence, not very much confidence or none at all? Environmental organizations","I am going to name a number of organizations. For each one, could you tell me how much confidence you have in them: is it a great deal of confidence, quite a lot of confidence, not very much confidence or none at all?

Environmental organizations",1.0000000000000002,"['A great deal', 'Quite a lot', 'Not very much', 'None at all']","['A great deal', 'Quite a lot', 'Not very much', 'None at all', ""Don't know"", 'No answer', 'Other missing; Multiple answers Mail (EVS)']","[0.083, 0.44700000000000006, 0.28600000000000003, 0.13, 0.045, 0.009000000000000001, 0.0]",Quite a lot
Q80,"I am going to name a number of organizations. For each one, could you tell me how much confidence you have in them: is it a great deal of confidence, quite a lot of confidence, not very much confidence or none at all? Women’s organizations","I am going to name a number of organizations. For each one, could you tell me how much confidence you have in them: is it a great deal of confidence, quite a lot of confidence, not very much confidence or none at all?

Elections",0.9517167410546893,"['A great deal', 'Quite a lot', 'Not very much', 'None at all']","['A great deal', 'Quite a lot', 'Not very much', 'None at all', ""Don't know"", 'No answer', 'Missing; Unknown']","[0.14, 0.45, 0.27899999999999997, 0.099, 0.02, 0.011000000000000001, 0.0]",Quite a lot
Q80,"I am going to name a number of organizations. For each one, could you tell me how much confidence you have in them: is it a great deal of confidence, quite a lot of confidence, not very much confidence or none at all? Women’s organizations","I am going to name a number of organizations. For each one, could you tell me how much confidence you have in them: is it a great deal of confidence, quite a lot of confidence, not very much confidence or none at all?

Women´s organizations",1.0000000000000002,"['A great deal', 'Quite a lot', 'Not very much', 'None at all']","['A great deal', 'Quite a lot', 'Not very much', 'None at all', ""Don't know"", 'No answer', 'Missing; Not available']","[0.11599999999999999, 0.454, 0.263, 0.111, 0.047, 0.008, 0.0]",Quite a lot
Q81,"I am going to name a number of organizations. For each one, could you tell me how much confidence you have in them: is it a great deal of confidence, quite a lot of confidence, not very much confidence or none at all? Charitable or humanitarian organizations","I am going to name a number of organizations. For each one, could you tell me how much confidence you have in them: is it a great deal of confidence, quite a lot of confidence, not very much confidence or none at all?

Charitable or humanitarian organizations",1.0000000000000002,"['A great deal', 'Quite a lot', 'Not very much', 'None at all']","['A great deal', 'Quite a lot', 'Not very much', 'None at all', ""Don't know"", 'No answer', 'Missing; Not available']","[0.12, 0.461, 0.254, 0.126, 0.033, 0.006, 0.0]",Quite a lot
Q82,"I am going to name a number of organizations. For each one, could you tell me how much confidence you have in them: is it a great deal of confidence, quite a lot of confidence, not very much confidence or none at all? The [ European Union ]","I am going to name a number of organizations. For each one, could you tell me how much confidence you have in them: is it a great deal of confidence, quite a lot of confidence, not very much confidence or none at all?

The European Union",1.0000000000000002,"['A great deal', 'Quite a lot', 'Not very much', 'None at all']","['A great deal', 'Quite a lot', 'Not very much', 'None at all', ""Don't know"", 'No answer', 'Missing']","[0.046, 0.268, 0.383, 0.24800000000000003, 0.040999999999999995, 0.013000000000000001, 0.0]",Not very much
Q83,"I am going to name a number of organizations. For each one, could you tell me how much confidence you have in them: is it a great deal of confidence, quite a lot of confidence, not very much confidence or none at all? The United Nations","I am going to name a number of organizations. For each one, could you tell me how much confidence you have in them: is it a great deal of confidence, quite a lot of confidence, not very much confidence or none at all?

The United Nations",1.0000000000000002,"['A great deal', 'Quite a lot', 'Not very much', 'None at all']","['A great deal', 'Quite a lot', 'Not very much', 'None at all', ""Don't know"", 'No answer', 'Other missing; Multiple answers Mail (EVS)']","[0.044000000000000004, 0.27, 0.386, 0.23500000000000001, 0.049, 0.015, 0.0]",Not very much
Q84,"I am going to name a number of organizations. For each one, could you tell me how much confidence you have in them: is it a great deal of confidence, quite a lot of confidence, not very much confidence or none at all? The International Monetary Fund (IMF)","I am going to name a number of organizations. For each one, could you tell me how much confidence you have in them: is it a great deal of confidence, quite a lot of confidence, not very much confidence or none at all?

The International Monetary Fund (IMF)",1.0,"['A great deal', 'Quite a lot', 'Not very much', 'None at all']","['A great deal', 'Quite a lot', 'Not very much', 'None at all', ""Don't know"", 'No answer', 'Missing; Not available']","[0.031000000000000003, 0.24100000000000002, 0.413, 0.226, 0.073, 0.016, 0.0]",Not very much
Q85,"I am going to name a number of organizations. For each one, could you tell me how much confidence you have in them: is it a great deal of confidence, quite a lot of confidence, not very much confidence or none at all? International Criminal Court (ICC)","I am going to name a number of organizations. For each one, could you tell me how much confidence you have in them: is it a great deal of confidence, quite a lot of confidence, not very much confidence or none at all?

International Criminal Court (ICC)",1.0000000000000002,"['A great deal', 'Quite a lot', 'Not very much', 'None at all']","['A great deal', 'Quite a lot', 'Not very much', 'None at all', ""Don't know"", 'No answer', 'Missing; Unknown']","[0.087, 0.278, 0.35700000000000004, 0.197, 0.068, 0.013000000000000001, 0.0]",Not very much
Q86,"I am going to name a number of organizations. For each one, could you tell me how much confidence you have in them: is it a great deal of confidence, quite a lot of confidence, not very much confidence or none at all? The North Atlantic Treaty Organization (NATO)","I am going to name a number of organizations. For each one, could you tell me how much confidence you have in them: is it a great deal of confidence, quite a lot of confidence, not very much confidence or none at all?

The North Atlantic Treaty Organization (NATO)",1.0000000000000002,"['A great deal', 'Quite a lot', 'Not very much', 'None at all']","['A great deal', 'Quite a lot', 'Not very much', 'None at all', ""Don't know"", 'No answer', 'Missing; Unknown']","[0.033, 0.225, 0.408, 0.227, 0.08900000000000001, 0.018000000000000002, 0.0]",Not very much
Q87,"I am going to name a number of organizations. For each one, could you tell me how much confidence you have in them: is it a great deal of confidence, quite a lot of confidence, not very much confidence or none at all? The World Bank","I am going to name a number of organizations. For each one, could you tell me how much confidence you have in them: is it a great deal of confidence, quite a lot of confidence, not very much confidence or none at all?

The World Bank",0.9999999999999998,"['A great deal', 'Quite a lot', 'Not very much', 'None at all']","['A great deal', 'Quite a lot', 'Not very much', 'None at all', ""Don't know"", 'No answer', 'Missing; Unknown']","[0.06, 0.26, 0.36600000000000005, 0.215, 0.079, 0.019, 0.0]",Not very much
Q88,"I am going to name a number of organizations. For each one, could you tell me how much confidence you have in them: is it a great deal of confidence, quite a lot of confidence, not very much confidence or none at all? The World Health Organization (WHO)","I am going to name a number of organizations. For each one, could you tell me how much confidence you have in them: is it a great deal of confidence, quite a lot of confidence, not very much confidence or none at all?

The World Health Organization (WHO)",1.0000000000000002,"['A great deal', 'Quite a lot', 'Not very much', 'None at all']","['A great deal', 'Quite a lot', 'Not very much', 'None at all', ""Don't know"", 'No answer', 'Missing; Unknown']","[0.09300000000000001, 0.401, 0.269, 0.152, 0.073, 0.012, 0.0]",Quite a lot
Q89,"I am going to name a number of organizations. For each one, could you tell me how much confidence you have in them: is it a great deal of confidence, quite a lot of confidence, not very much confidence or none at all? The World Trade Organization (WTO)","I am going to name a number of organizations. For each one, could you tell me how much confidence you have in them: is it a great deal of confidence, quite a lot of confidence, not very much confidence or none at all?

The World Trade Organization (WTO)",1.0,"['A great deal', 'Quite a lot', 'Not very much', 'None at all']","['A great deal', 'Quite a lot', 'Not very much', 'None at all', ""Don't know"", 'No answer', 'Missing; Unknown']","[0.051, 0.29600000000000004, 0.35200000000000004, 0.187, 0.098, 0.017, 0.0]",Not very much
Q90,"Nowadays there’s a lot of talk about international organizations. People sometimes say that international organizations should prioritize improving people’s lives, even if this may imply that decisions are not made democratically. What do you think should international organizations prioritize, being effective or being democratic? If your views are somewhat mixed, choose the appropriate number in between.","Nowadays there’s a lot of talk about international organizations. People sometimes say that international organizations should prioritize improving people’s lives, even if this may imply that decisions are not made democratically. What do you think should international organizations prioritize, being effective or being democratic?. If your views are somewhat mixed, choose the appropriate number in between.",1.0000000000000002,"['Being effective', 'Being democratic']","['Being effective', '2', '3', '4', '5', '6', '7', '8', '9', 'Being democratic', ""Don't know"", 'No answer', 'Missing; Not available']","[0.027999999999999997, 0.013999999999999999, 0.028999999999999998, 0.059000000000000004, 0.134, 0.146, 0.152, 0.168, 0.1, 0.142, 0.019, 0.01, 0.0]",8
Q91,"Here are some questions about international organizations. Many people don't know the answers to these questions, but if you do please tell me. Five countries have permanent seats on the Security Council of the United Nations. Which one of the following is not a member?","Here are some questions about international organizations. Many people don't know the answers to these questions, but if you do please tell me.

Five countries have permanent seats on the Security Council of the United Nations. Which ones of the following is not a member?",0.9634942831274375,"['France', 'China', 'India']","['France', 'China', 'India', ""Don't know"", 'No answer', 'Missing; Not available']","[0.162, 0.128, 0.23199999999999998, 0.391, 0.087, 0.0]",Don't know
Q92,"Here are some questions about international organizations. Many people don't know the answers to these questions, but if you do please tell me. Where are the headquarters of the International Monetary Fund (IMF) located?","Here are some questions about international organizations. Many people don't know the answers to these questions, but if you do please tell me.

Where are the headquarters of the International Monetary Fund (IMF) located?",1.0000000000000004,"['Washington DC', 'London', 'Geneva']","['Washington DC', 'London', 'Geneva', ""Don't know"", 'No answer', 'Missing; Not available']","[0.303, 0.147, 0.14300000000000002, 0.329, 0.078, 0.0]",Don't know
Q93,"Here are some questions about international organizations. Many people don't know the answers to these questions, but if you do please tell me. Which of the following problems does the organization Amnesty International deal with?","Here are some questions about international organizations. Many people don't know the answers to these questions, but if you do please tell me.

Which of the following problems does the organization Amnesty International deal with?",1.0,"['Climate change', 'Human rights', 'Destruction of historic monuments']","['Climate change', 'Human rights', 'Destruction of historic monuments', ""Don't know"", 'No answer', 'Missing; Not available']","[0.0, 0.0, 0.0, 0.0, 0.0, 1.0]",Missing; Not available
Q95,"Now I am going to read off a list of voluntary organizations. For each organization, could you tell me whether you are an active member, an inactive member or not a member of that type of organization? Sport or recreational organization, football/baseball/rugby team","Now I am going to read out a list of voluntary organizations; for each one, could you tell me whether you are a member, an active member, an inactive member or not a member of that type of organization?

Sport or recreational organization, football/baseball/rugby team",0.9536633625222641,"['Active member', 'Inactive member', 'Don’t belong']","[""Don't belong"", 'Inactive member', 'Active member', ""Don't know"", 'No answer', 'Missing; Unknown']","[0.899, 0.057999999999999996, 0.031000000000000003, 0.008, 0.003, 0.0]",Don't belong
Q106,"Now I'd like you to tell me your views on various issues. How would you place your views on this scale? 1 means you agree completely with the statement on the left; 10 means you agree completely with the statement on the right; and if your views fall somewhere in between, you can choose any number in between. Incomes should be made more equal vs There should be greater incentives for individual effort","Now I'd like you to tell me your views on various issues. How would you place your views on this scale? 1 means you agree completely with the statement on the left; 10 means you agree completely with the statement on the right; and if your views fall somewhere in between, you can choose any number in between.

Incomes should be made more equal vs There should be greater incentives for individual effort",0.9999999999999998,"['Incomes should be made more equal', '2', '3', '4', '5', '6', '7', '8', '9', 'There should be greater incentives for individual effort']","['Incomes should be made more equal', '2', '3', '4', '5', '6', '7', '8', '9', 'There should be greater incentives for individual effort', ""Don't know"", 'No answer', 'Other missing; Multiple answers Mail (EVS)']","[0.13, 0.065, 0.08900000000000001, 0.098, 0.126, 0.132, 0.115, 0.11699999999999999, 0.039, 0.067, 0.016, 0.006, 0.0]",6
Q109,"Now I'd like you to tell me your views on various issues. How would you place your views on this scale? 1 means you agree completely with the statement on the left; 10 means you agree completely with the statement on the right; and if your views fall somewhere in between, you can choose any number in between. Competition is good vs Competition is harmful","Now I'd like you to tell me your views on various issues. How would you place your views on this scale? 1 means you agree completely with the statement on the left; 10 means you agree completely with the statement on the right; and if your views fall somewhere in between, you can choose any number in between.

Competition good or harmful",0.96110670942948,"['Competition is good', '2', '3', '4', '5', '6', '7', '8', '9', 'Competition is harmful']","['Competition is good', '2', '3', '4', '5', '6', '7', '8', '9', 'Competition is harmful', ""Don't know"", 'No answer', 'Other missing; Multiple answers Mail (EVS)']","[0.171, 0.063, 0.102, 0.127, 0.153, 0.13, 0.107, 0.065, 0.026000000000000002, 0.043, 0.009000000000000001, 0.004, 0.0]",Competition is good
Q112,"Now I'd like you to tell me your views on corruption – when people pay a bribe, give a gift or do a favor to other people in order to get the things they need done or the services they need . How would you place your views on corruption in your country on a 10-point scale where “1” means “there is no corruption in my country” and “10” means “there is abundant corruption in my country”. If your views are somewhat mixed, choose the appropriate number in between. ","Now I'd like you to tell me your views on corruption – when people pay a bribe, give a gift or do a favor to other people in order to get the things they need done or the services they need. How would you place your views on corruption in [your country] on a 10-point scale where “1” means “there is no corruption in [my country]” and “10” means “there is
abundant corruption in [my country]”. If your views are somewhat mixed, choose the appropriate number in between.",1.0000000000000002,"['There is no corruption in my country', '2', '3', '4', '5', '6', '7', '8', '9', 'There is abundant corruption in my country']","['1 There is no corruption in my country', '2', '3', '4', '5', '6', '7', '8', '9', '10 There is abundant corruption in my country', ""Don't know"", 'No answer', 'Missing; Not available']","[0.02, 0.023, 0.043, 0.071, 0.149, 0.162, 0.161, 0.135, 0.079, 0.125, 0.026000000000000002, 0.006999999999999999, 0.0]",6
Q113,"Among the following groups of people, how many do you believe are involved in corruption? Tell me for each group if you believe it is none of them, few of them, most of them or all of them? State authorities","Among the following groups of people, how many do you believe are involved in corruption? Tell me for each group if you believe it is none of them, few of them, most of them or all of them?:

Local authorities",0.9579542556034157,"['None of them', 'Few of them', 'Most of them', 'All of them']","['None of them', 'Few of them', 'Most of them', 'All of them', ""Don't know"", 'No answer', 'Missing; Not available']","[0.264, 0.287, 0.282, 0.076, 0.07400000000000001, 0.017, 0.0]",Few of them
Q113,"Among the following groups of people, how many do you believe are involved in corruption? Tell me for each group if you believe it is none of them, few of them, most of them or all of them? State authorities","Among the following groups of people, how many do you believe are involved in corruption?. Tell me for each group if you believe it is none of them, few of them, most of them or all of them?:

State authorities",1.0,"['None of them', 'Few of them', 'Most of them', 'All of them']","['None of them', 'Few of them', 'Most of them', 'All of them', ""Don't know"", 'No answer', 'Missing; Not available']","[0.263, 0.271, 0.316, 0.07200000000000001, 0.063, 0.016, 0.0]",Most of them
Q114,"Among the following groups of people, how many do you believe are involved in corruption? Tell me for each group if you believe it is none of them, few of them, most of them or all of them? Business executives","Among the following groups of people, how many do you believe are involved in corruption? Tell me for each group if you believe it is none of them, few of them, most of them or all of them?:

Business executives",1.0000000000000004,"['None of them', 'Few of them', 'Most of them', 'All of them']","['None of them', 'Few of them', 'Most of them', 'All of them', ""Don't know"", 'No answer', 'Missing; Not available']","[0.284, 0.276, 0.273, 0.079, 0.07200000000000001, 0.015, 0.0]",None of them
Q115,"Among the following groups of people, how many do you believe are involved in corruption? Tell me for each group if you believe it is none of them, few of them, most of them or all of them? Local authorities","Among the following groups of people, how many do you believe are involved in corruption? Tell me for each group if you believe it is none of them, few of them, most of them or all of them?:

Local authorities",1.0000000000000002,"['None of them', 'Few of them', 'Most of them', 'All of them']","['None of them', 'Few of them', 'Most of them', 'All of them', ""Don't know"", 'No answer', 'Missing; Not available']","[0.264, 0.287, 0.282, 0.076, 0.07400000000000001, 0.017, 0.0]",Few of them
Q115,"Among the following groups of people, how many do you believe are involved in corruption? Tell me for each group if you believe it is none of them, few of them, most of them or all of them? Local authorities","Among the following groups of people, how many do you believe are involved in corruption?. Tell me for each group if you believe it is none of them, few of them, most of them or all of them?:

State authorities",0.9579542556034157,"['None of them', 'Few of them', 'Most of them', 'All of them']","['None of them', 'Few of them', 'Most of them', 'All of them', ""Don't know"", 'No answer', 'Missing; Not available']","[0.263, 0.271, 0.316, 0.07200000000000001, 0.063, 0.016, 0.0]",Most of them
Q116,"Among the following groups of people, how many do you believe are involved in corruption? Tell me for each group if you believe it is none of them, few of them, most of them or all of them? Civil servic e providers (police, judiciary, civil servants, doctors, teachers)","Among the following groups of people, how many do you believe are involved in corruption? Tell me for each group if you believe it is none of them, few of them, most of them or all of them?:

Civil service providers (police, judiciary, civil servants, doctors, teachers)",0.953069342703759,"['None of them', 'Few of them', 'Most of them', 'All of them']","['None of them', 'Few of them', 'Most of them', 'All of them', ""Don't know"", 'No answer', 'Missing; Not available']","[0.292, 0.3, 0.26, 0.062000000000000006, 0.07200000000000001, 0.013999999999999999, 0.0]",Few of them
Q117,"Among the following groups of people, how many do you believe are involved in corruption? Tell me for each group if you believe it is none of them, few of them, most of them or all of them? Journalists and media","Among the following groups of people, how many do you believe are involved in corruption? Tell me for each group if you believe it is none of them, few of them, most of them or all of them?:

Journalists and media",1.0,"['None of them', 'Few of them', 'Most of them', 'All of them']","['None of them', 'Few of them', 'Most of them', 'All of them', ""Don't know"", 'No answer', 'Missing; Not available']","[0.245, 0.276, 0.299, 0.071, 0.09, 0.019, 0.0]",Most of them
Q119,"Can you tell me how strongly you agree or disagree with the following statement: “on the whole, women are less corrupt than men”?","Can you tell me how strongly you agree or disagree with the following statement:

On the whole, women are less corrupt than men",1.0,"['Strongly Agree', 'Agree', 'Disagree', 'Strongly disagree', 'Hard to say']","['Hard to say', 'Strongly agree', 'Agree', 'Disagree', 'Strongly disagree', ""Don't know"", 'No answer', 'Missing; Not available']","[0.102, 0.129, 0.349, 0.255, 0.09699999999999999, 0.059000000000000004, 0.008, 0.0]",Agree
Q120,"How high is the risk in this country to be held accountable for giving or receiving a bribe, gift or favor in return for public service? To indicate your opinion, use a 10-point scale where “1” means “no risk at all” and “10” means “very high risk”.","How high is the risk in this country to be held accountable for giving or receiving a bribe, gift or favour in return for public service? To indicate your opinion, use a 10-point scale where “1” means “no risk at all” and “10” means “very high risk”.",0.9707035449659789,"['No risk at all', '2', '3', '4', '5', '6', '7', '8', '9', 'Very high risk']","['No risk at all', '2', '3', '4', '5', '6', '7', '8', '9', 'Very high risk', ""Don't know"", 'No answer', 'Missing; Not available']","[0.016, 0.015, 0.04, 0.057999999999999996, 0.121, 0.1, 0.134, 0.15, 0.10400000000000001, 0.231, 0.022000000000000002, 0.006999999999999999, 0.0]",Very high risk
Q121,Now we would like to know your opinion about the people from other countries who come to live in [your country] - the immigrants. How would you evaluate the impact of these people on the development of [your country]?,Now we would like to know your opinion about the people from other countries who come to live in [your country] - the immigrants. How would you evaluate the impact of these people on the development of [your country]?,1.0000000000000002,[],"['Rather bad', 'Quite bad', 'Neither good, nor bad', 'Quite good', 'Very good', ""Don't know"", 'No answer', 'Other missing; Multiple answers Mail (EVS)']","[0.264, 0.36, 0.267, 0.07, 0.012, 0.02, 0.006999999999999999, 0.0]",Quite bad
Q130,How about people from other countries coming here to work. Which one of the following do you think the government should do?,How about people from other countries coming here to work. Which one of the following do you think the government should do?,1.0,[],"['Let anyone come who wants to', 'Let people come as long as there are jobs available', 'Place strict limits on the number of foreigners who can come here', 'Prohibit people coming here from other countries', ""Don't know"", 'No answer', 'Missing; Not available']","[0.051, 0.245, 0.44200000000000006, 0.23500000000000001, 0.024, 0.003, 0.0]",Place strict limits on the number of foreigners who can come here
Q134,How frequently do the following things occur in your neighborhood? Police or military interfere with people’s private life,"How frequently do the following things occur in your neighborhood?

Police or military interfere with people’s private life",1.0000000000000004,"['Very frequently', 'Quite frequently', 'Not frequently', 'Not at all frequently']","['Very Frequently', 'Quite frequently', 'Not frequently', 'Not at all frequently', ""Don't know"", 'No answer', 'Missing; Not available']","[0.034, 0.096, 0.319, 0.54, 0.011000000000000001, 0.002, 0.0]",Not at all frequently
Q135,How frequently do the following things occur in your neighborhood? Racist behavior,"How frequently do the following things occur in your neighborhood?

Racist behavior",1.0000000000000002,"['Very frequently', 'Quite frequently', 'Not frequently', 'Not at all frequently']","['Very Frequently', 'Quite frequently', 'Not frequently', 'Not at all frequently', ""Don't know"", 'No answer', 'Missing; Not available']","[0.052000000000000005, 0.10800000000000001, 0.33, 0.49, 0.017, 0.002, 0.0]",Not at all frequently
Q136,How frequently do the following things occur in your neighborhood? Drug sale in streets,"How frequently do the following things occur in your neighborhood?

Drug sale in streets",1.0000000000000002,"['Very frequently', 'Quite frequently', 'Not frequently', 'Not at all frequently']","['Very Frequently', 'Quite frequently', 'Not frequently', 'Not at all frequently', ""Don't know"", 'No answer', 'Missing; Not available']","[0.047, 0.11900000000000001, 0.312, 0.484, 0.033, 0.004, 0.0]",Not at all frequently
Q137,How frequently do the following things occur in your neighborhood? Street violence and fights,"How frequently do the following things occur in your neighborhood?:

Street violence and fights",1.0,"['Very frequently', 'Quite frequently', 'Not frequently', 'Not at all frequently']","['Very Frequently', 'Quite frequently', 'Not frequently', 'Not at all frequently', ""Don't know"", 'No answer', 'Missing; Not available']","[0.052000000000000005, 0.168, 0.397, 0.37, 0.009000000000000001, 0.003, 0.0]",Not frequently
Q138,How frequently do the following things occur in your neighborhood? Sexual harassment,"How frequently do the following things occur in your neighborhood?:

Sexual harassment",1.0000000000000002,"['Very frequently', 'Quite frequently', 'Not frequently', 'Not at all frequently']","['Very Frequently', 'Quite frequently', 'Not frequently', 'Not at all frequently', ""Don't know"", 'No answer', 'Missing; Not available']","[0.046, 0.095, 0.303, 0.531, 0.021, 0.004, 0.0]",Not at all frequently
Q139,Which of the following things have you done for reasons of security? Didn’t carry much money,"Which of the following things have you done for reasons of security?

Didn’t carry much money",1.0000000000000004,"['Yes', 'No']","['Yes', 'No', ""Don't know"", 'No answer', 'Missing; Not available']","[0.207, 0.408, 0.0, 0.0, 0.385]",No
Q140,Which of the following things have you done for reasons of security? Preferred not to go out at night,"Which of the following things have you done for reasons of security?

Preferred not to go out at night",1.0000000000000002,"['Yes', 'No']","['Yes', 'No', ""Don't know"", 'No answer', 'Missing; Not available']","[0.193, 0.441, 0.0, 0.0, 0.36600000000000005]",No
Q141,"Which of the following things have you done for reasons of security? Carried a knife, gun or other weapon","Which of the following things have you done for reasons of security?

Carried a knife, gun or other weapon",1.0,"['Yes', 'No']","['Yes', 'No', ""Don't know"", 'No answer', 'Missing; Not available']","[0.13699999999999998, 0.518, 0.0, 0.0, 0.34500000000000003]",No
Q146,To what degree are you worried about the following situations? A war involving my country,"To what degree are you worried about the following situations?

A war involving my country",1.0000000000000002,"['Very much', 'A good deal', 'Not much', 'Not at all']","['Very much', 'A good deal', 'Not much', 'Not at all', ""Don't know"", 'No answer', 'Other missing; Multiple answers Mail (EVS)']","[0.392, 0.457, 0.122, 0.021, 0.005, 0.002, 0.0]",A good deal
Q147,To what degree are you worried about the following situations? A terrorist attack,"To what degree are you worried about the following situations?

A terrorist attack",1.0,"['Very much', 'A good deal', 'Not much', 'Not at all']","['Very much', 'A great deal', 'Not much', 'Not at all', ""Don't know"", 'No answer', 'Other missing; Multiple answers Mail (EVS)']","[0.42700000000000005, 0.429, 0.11900000000000001, 0.019, 0.004, 0.002, 0.0]",A great deal
Q148,To what degree are you worried about the following situations? A civil war,"To what degree are you worried about the following situations?

A civil war",1.0000000000000002,"['Very much', 'A good deal', 'Not much', 'Not at all']","['Very much', 'A great deal', 'Not much', 'Not at all', ""Don't know"", 'No answer', 'Other missing; Multiple answers Mail (EVS)']","[0.354, 0.423, 0.16899999999999998, 0.043, 0.006, 0.005, 0.0]",A great deal
Q149,"Most people consider both freedom and equality to be important, but if you had to choose between them, which one would you consider more important?","Most people consider both freedom and equality to be important, but if you had to choose between them, which one would you consider more important?",1.0000000000000004,"['Freedom', 'Equality']","['Freedom', 'Equality', ""Don't know"", 'No answer', 'Missing; Not available']","[0.41200000000000003, 0.561, 0.019, 0.006, 0.0]",Equality
Q150,"Most people consider both freedom and security to be important, but if you had to choose between them, which one would you consider more important?","Most people consider both freedom and security to be important, but if you had to choose between them, which one would you consider more important?",1.0000000000000004,"['Freedom', 'Security']","['Freedom', 'Security', ""Don't know"", 'No answer', 'Missing; Not available']","[0.391, 0.59, 0.012, 0.006, 0.0]",Security
Q151,"Of course, we all hope that there will not be another war, but if it were to come to that, would you be willing to fight for your country?","Of course, we all hope that there will not be another war, but if it were to come to that, would you be willing to fight for your country?",1.0000000000000002,"['Yes', 'No']","['Yes', 'No', ""Don't know"", 'No answer', 'Other missing; Multiple answers Mail (EVS)']","[0.7640000000000001, 0.192, 0.036000000000000004, 0.008, 0.0]",Yes
