Turkish Question ID,Turkish Question Text,Turkish Response Options,Turkish Show Card,English Question ID,English Question Text,English Response Options,English Show Card
Q1,Aileniz,"['Çok Önemli', 'Biraz Önemli', 'Pek Önemli Değil', 'Hiç Önemli Değil', 'Fikri Yok', 'Cevap Yok']",,Q1,Family,"['Very important', 'Rather important', 'Not very important', 'Not at all']",
Q2,Dost ve arkadaşlarınız,"['Çok Önemli', 'Biraz Önemli', 'Pek Önemli Değil', 'Hiç Önemli Değil', 'Fikri Yok', 'Cevap Yok']",,Q2,Friends,"['Very important', 'Rather important', 'Not very important', 'Not at all']",
Q3,Kendiniz için ayırdığınız boş zaman,"['Çok Önemli', 'Biraz Önemli', 'Pek Önemli Değil', 'Hiç Önemli Değil', 'Fikri Yok', 'Cevap Yok']",,Q3,Leisure time,"['Very important', 'Rather important', 'Not very important', 'Not at all']",
Q4,Siyaset,"['Çok Önemli', 'Biraz Önemli', 'Pek Önemli Değil', 'Hiç Önemli Değil', 'Fikri Yok', 'Cevap Yok']",,Q4,Politics,"['Very important', 'Rather important', 'Not very important', 'Not at all']",
Q5,İş ve çalışma,"['Çok Önemli', 'Biraz Önemli', 'Pek Önemli Değil', 'Hiç Önemli Değil', 'Fikri Yok', 'Cevap Yok']",,Q5,Work,"['Very important', 'Rather important', 'Not very important', 'Not at all']",
Q6,Din,"['Çok Önemli', 'Biraz Önemli', 'Pek Önemli Değil', 'Hiç Önemli Değil', 'Fikri Yok', 'Cevap Yok']",,Q6,Religion,"['Very important', 'Rather important', 'Not very important', 'Not at all']",
Q7,Terbiye,"['Belirtildi', 'Belirtilmedi', 'Fikri Yok', 'Cevap Yok']",,Q7,Good manners,"['Mentioned', 'Not mentioned']",
Q8,Bağımsızlık,"['Belirtildi', 'Belirtilmedi', 'Fikri Yok', 'Cevap Yok']",,Q8,Independence,"['Mentioned', 'Not mentioned']",
Q9,Çalışkanlık,"['Belirtildi', 'Belirtilmedi', 'Fikri Yok', 'Cevap Yok']",,Q9,Hard work,"['Mentioned', 'Not mentioned']",
Q10,Sorumluluk duygusu,"['Belirtildi', 'Belirtilmedi', 'Fikri Yok', 'Cevap Yok']",,Q10,Feeling of responsibility,"['Mentioned', 'Not mentioned']",
Q11,Hayalgücü,"['Belirtildi', 'Belirtilmedi', 'Fikri Yok', 'Cevap Yok']",,Q11,Imagination,"['Mentioned', 'Not mentioned']",
Q12,Başka insanlara karşı saygı ve hoşgörü,"['Belirtildi', 'Belirtilmedi', 'Fikri Yok', 'Cevap Yok']",,Q12,Tolerance and respect for other people,"['Mentioned', 'Not mentioned']",
Q13,"Tutumluluk, para ve malına özen","['Belirtildi', 'Belirtilmedi', 'Fikri Yok', 'Cevap Yok']",,Q13,"Thrift, saving money and things","['Mentioned', 'Not mentioned']",
Q14,"Sebat, azim, kararlılık","['Belirtildi', 'Belirtilmedi', 'Fikri Yok', 'Cevap Yok']",,Q14,"Determination, perseverance","['Mentioned', 'Not mentioned']",
Q15,Dindarlık,"['Belirtildi', 'Belirtilmedi', 'Fikri Yok', 'Cevap Yok']",,Q15,Religious faith,"['Mentioned', 'Not mentioned']",
Q16,Bencil olmamak,"['Belirtildi', 'Belirtilmedi', 'Fikri Yok', 'Cevap Yok']",,Q16,Not being selfish (unselfishness),"['Mentioned', 'Not mentioned']",
Q17,Söz dinleme ve itaat,"['Belirtildi', 'Belirtilmedi', 'Fikri Yok', 'Cevap Yok']",,Q17,Obedience,"['Mentioned', 'Not mentioned']",
Q18,Uyuşturucu madde kullananlar,"['İstemem', 'Olabilir', 'Fikri Yok', 'Cevap Yok']",,Q18,Drug addicts,"['Mentioned', 'Not mentioned']",
Q19,Başka bir ırk veya renkten insanlar,"['İstemem', 'Olabilir', 'Fikri Yok', 'Cevap Yok']",,Q19,People of a different race,"['Mentioned', 'Not mentioned']",
Q20,AIDS hastalığı olanlar,"['İstemem', 'Olabilir', 'Fikri Yok', 'Cevap Yok']",,Q20,People who have AIDS,"['Mentioned', 'Not mentioned']",
Q21,"Göçmenler, başka ülkelerden gelen işçiler","['İstemem', 'Olabilir', 'Fikri Yok', 'Cevap Yok']",,Q21,Immigrants/foreign workers,"['Mentioned', 'Not mentioned']",
Q22,Eşcinseller (homoseksüeller),"['İstemem', 'Olabilir', 'Fikri Yok', 'Cevap Yok']",,Q22,Homosexuals,"['Mentioned', 'Not mentioned']",
Q23,Başka bir dinden olanlar,"['İstemem', 'Olabilir', 'Fikri Yok', 'Cevap Yok']",,Q23,People of a different religion,"['Mentioned', 'Not mentioned']",
Q24,Çok içki içenler,"['İstemem', 'Olabilir', 'Fikri Yok', 'Cevap Yok']",,Q24,Heavy drinkers,"['Mentioned', 'Not mentioned']",
Q25,Nikâhsız bir arada yaşayan çiftler,"['İstemem', 'Olabilir', 'Fikri Yok', 'Cevap Yok']",,Q25,Unmarried couples living together,"['Mentioned', 'Not mentioned']",
Q26,Sizinkinden farklı bir anadil konuşanlar,"['İstemem', 'Olabilir', 'Fikri Yok', 'Cevap Yok']",,Q26,People who speak a different language,"['Mentioned', 'Not mentioned', '2017', '-2021', '7', 'Fikri Yok', '-3', 'Cevap Yok', '-5', '5', '27']",
Q27,"Hayatta en önemli amaçlarımdan biri, anne ve babamın benimle gurur duymasıdır.","['Kesin Kabul Ederim', 'Kabul Ederim', 'Kabul Etmem', 'Kesin Kabul Etmem', 'Fikri Yok', 'Cevap Yok']",,Q27,One of my main goals in life has been to make my parents proud,"['Strongly agree', 'Agree', 'Disagree', 'Strongly disagree']",
Q28,Dışarıda çalışan bir annenin çocukları bundan zarar görür.,"['Kesin Kabul Ederim', 'Kabul Ederim', 'Kabul Etmem', 'Kesin Kabul Etmem', 'Fikri Yok', 'Cevap Yok']",,Q28,"When a mother works for pay, the children suffer","['Strongly agree', 'Agree', 'Disagree', 'Strongly disagree']",
Q29,"Genelde, erkekler kadınlardan daha iyi siyasi lider oluyorlar.","['Kesin Kabul Ederim', 'Kabul Ederim', 'Kabul Etmem', 'Kesin Kabul Etmem', 'Fikri Yok', 'Cevap Yok']",,Q29,"On the whole, men make better political leaders than women do","['Strongly agree', 'Agree', 'Disagree', 'Strongly disagree']",
Q30,"Üniversite eğitimi, kız çocuktan çok erkek çocuk için önemlidir.","['Kesin Kabul Ederim', 'Kabul Ederim', 'Kabul Etmem', 'Kesin Kabul Etmem', 'Fikri Yok', 'Cevap Yok']",,Q30,A university education is more important for a boy than for a girl,"['Strongly agree', 'Agree', 'Disagree', 'Strongly disagree']",
Q31,"Genel olarak, erkekler kadınlardan daha iyi şirket yöneticisi oluyor","['Kesin Kabul Ederim', 'Kabul Ederim', 'Kabul Etmem', 'Kesin Kabul Etmem', 'Fikri Yok', 'Cevap Yok']",,Q31,"On the whole , men make better business executives than women do","['Strongly agree', 'Agree', 'Disagree', 'Strongly disagree']",
Q33,"Ülkede, eğer insanlar iş bulamıyorsa, çalışmak kadınlardan çok erkeklerin hakkıdır.","['Kesinlikle Katılırım', 'Katılırım', 'Ne Katılırım Ne Katılmam', 'Katılmam', 'Kesinlikle Katılmam', 'Fikri Yok', 'Cevap Yok']",,Q32,Being a housewife is just as fulfilling as working for pay,"['Strongly agree', 'Agree', 'Disagree', 'Strongly disagree']",
Q34,"Ülkede eğer insanlar iş bulamıyorsa, işverenler Türkleri yabancılara tercih etmelidir.","['Kesinlikle Katılırım', 'Katılırım', 'Ne Katılırım Ne Katılmam', 'Katılmam', 'Kesinlikle Katılmam', 'Fikri Yok', 'Cevap Yok']",,Q33,"When jobs are scarce, men should have more right to a job than women","['Agree', 'Agree', 'Neither agree nor disagree', 'Disagree', 'Disagree']",
Q35,"Eğer bir kadın, kocasından daha fazla para kazanıyorsa, bu durum evlilikte sorunlara yol açar.","['Kesinlikle Katılırım', 'Katılırım', 'Ne Katılırım Ne Katılmam', 'Katılmam', 'Kesinlikle Katılmam', 'Fikri Yok', 'Cevap Yok']",,Q34,"When jobs are scarce, employers should give priority to people of this country over immigrants","['Agree', 'Agree', 'Neither agree nor disagree', 'Disagree', 'Disagree']",
Q36,Homoseksüel yani eşcinsel çiftler de diğer çiftler kadar iyi ana -baba olabilirler.,"['Kesinlikle Katılırım', 'Katılırım', 'Ne Katılırım Ne Katılmam', 'Katılmam', 'Kesinlikle Katılmam', 'Fikri Yok', 'Cevap Yok']",,Q35,"If a woman earns more money than her husband, it's almost certain to cause problems","['Agree', 'Agree', 'Neither agree nor disagree', 'Disagree', 'Disagree']",
Q37,Çocuk sahibi olmak topluma karşı bir görevdir.,"['Kesinlikle Katılırım', 'Katılırım', 'Ne Katılırım Ne Katılmam', 'Katılmam', 'Kesinlikle Katılmam', 'Fikri Yok', 'Cevap Yok']",,Q36,Homosexual couples are as good parents as other couples,"['Agree', 'Agree', 'Neither agree nor disagree', 'Disagree', 'Disagree']",
Q38,"Anne ya da baba ciddi bir hastalığa yakalanmışsa ya da gücü kuvveti kalmamışsa, ona bakmak yetişkin çocuğun görevidir.","['Kesinlikle Katılırım', 'Katılırım', 'Ne Katılırım Ne Katılmam', 'Katılmam', 'Kesinlikle Katılmam', 'Fikri Yok', 'Cevap Yok']",,Q37,It is a duty towards society to have children,"['Agree', 'Agree', 'Neither agree nor disagree', 'Disagree', 'Disagree']",
Q39,Bir işte çalışmayanlar sonunda tembelleşir.,"['Kesinlikle Katılırım', 'Katılırım', 'Ne Katılırım Ne Katılmam', 'Katılmam', 'Kesinlikle Katılmam', 'Fikri Yok', 'Cevap Yok']",,Q38,Adult children have the duty to provide long -term care for their parents,"['Agree', 'Agree', 'Neither agree nor disagree', 'Disagree', 'Disagree']",
Q40,"Çalışmak, topluma karşı bir görevdir.","['Kesinlikle Katılırım', 'Katılırım', 'Ne Katılırım Ne Katılmam', 'Katılmam', 'Kesinlikle Katılmam', 'Fikri Yok', 'Cevap Yok']",,Q39,People who don’t work turn lazy,"['Agree', 'Agree', 'Neither agree nor disagree', 'Disagree', 'Disagree']",
Q41,"İnsanın kendine daha az vakti kalsa bile, iş her şeyden önce gelmelidir.","['Kesinlikle Katılırım', 'Katılırım', 'Ne Katılırım Ne Katılmam', 'Katılmam', 'Kesinlikle Katılmam', 'Fikri Yok', 'Cevap Yok']",,Q40,Work is a duty towards society,"['Agree', 'Agree', 'Neither agree nor disagree', 'Disagree', 'Disagree']",
Q42,İçinde yaşadığımız toplumla ilgili üç temel tutum okuyacağım. Lütfen sizin görüşünüze en yakın olanını seçiniz. (ANKETÖRE : Şıkları okuyunuz.),"['Kesinlikle Katılırım', 'Katılırım', 'Ne Katılırım Ne Katılmam', 'Fikri Yok', 'Cevap Yok']",,Q41,"Work should always come first, even if it means less spare time","['Agree', 'Agree', 'Neither agree nor disagree', 'Disagree', 'Disagree']",
Q43,İşin hayatımızdaki öneminin azalması,"['Kötü', 'İyi Olurdu', 'Fark Etmezdi', 'Fikri Yok', 'Cevap Yok']",,Q42,"On this card are three basic kinds of attitudes concerning the society we live in. Please choose the one which best describes your own opinion ? (Please, code only one option from the list below )","['Agree', 'Agree', 'Neither agree nor disagree']",
Q44,Teknolojik gelişmelere daha fazla önem verilmesi,"['Kötü', 'İyi Olurdu', 'Fark Etmezdi', 'Fikri Yok', 'Cevap Yok']",,Q43,Less importance placed on work in our lives,"['Don’t mind', 'Bad', '3']",
Q45,Yetkililere daha fazla saygı duyulması,"['Kötü', 'İyi Olurdu', 'Fark Etmezdi', 'Fikri Yok', 'Cevap Yok']",,Q44,More emphasis on the development of technology,"['Don’t mind', 'Bad', '3']",
Q46,"Bugünlerde, genel olarak mutlu olup olmadığınızı söyler misiniz? Mesela şu okuyacağım şıklardan hangisi, bugünlerdeki genel mutluluk durumunuzu en iyi tarif ediyor? Çok mutluyum... Biraz mutluyum... Pek mutlu değilim... ya da Hiç mutlu değilim.","['Kötü', 'İyi Olurdu', 'Fark Etmezdi', 'Kötü Olurdu', 'Fikri Yok', 'Cevap Yok']",,Q45,Greater respect for authority,"['Don’t mind', 'Bad', '3', '2017', '-2021', '7', 'Fikri Yok', '-3', 'Cevap Yok', '-5', '6', '27']",
Q47,"Genel olarak bugünlerde sağlık durumunuz nasıl? Çok mu iyi, iyi mi, orta halli mi, kötü mü, yoksa çok mu kötü?","['Çok mutluyum', 'Biraz mutluyum', 'Pek mutlu değilim', 'Hiç mutlu değilim', 'Çok mutluyum', 'Fikri Yok', 'Cevap Yok']",,Q46,"Taking all things together, would you say you are (read out and code one answer ):","['Don’t mind', 'Bad', '3', '4']",
Q48,"Bazı insanlar, kendi yaşamları üzerinde, tamamen özgür bir seçim hakkına sahip olduklarına, kendi yaşamlarını kendilerinin kontrol ettiğine inanırlar. Diğerleri ise, yaşamlarında başlarına gelenlerin kendi kontrollerinde olmadığını düşünürler. Siz, hayatınızı n akışı ve başınıza gelenler konusund a ne kadar özgürlüğe ve kontrole sahip olduğunuzu düşünüyorsunuz? Aşağıdaki","['10', 'Çok iyi', 'İyi', 'Fena değil', 'Kötü', 'Çok kötü', '6', '7', '8', '9', '10', 'Fikri Yok', 'Cevap Yok']",,Q47,"All in all, how would you describe your state of health these days? Would you say it is … (read out ):","['Not at all', '2', '3', '4', '5']",
Q49,"Genel olarak bugünlerde hayatınızdan ne kadar memnun sunuz? Şimdi size göstereceğim cetvelde, son derece memnun ve tatmin olmuş hissediyorsanız ‘10’, hiç memnun değilseniz ‘1’ olmak üzere bir puanlama yapınız. (ANKETÖRE : Cetveli gösteriniz ve gerekiyorsa puanlamayı açıklayınız.) FY CY","['10', 'Çok iyi', 'Çok iyi', 'İyi', 'Fena değil', 'Kötü', 'Çok kötü', '6', '7', '8', '9', '10', 'Fikri Yok', 'Cevap Yok']",,Q48,"Some people feel they have completely free choice and control over their lives, while other people feel that what they do has no real effect on what happens to them. Please use this scale where","['Very good', '10', 'Very good', '2', '3', '4', '5', '6', '7', '8', '9', '10']",
Q50,"Hanenizin maddi durumunu ne kadar tatmin edici buluyorsunuz? Eğer hanenizin ma ddi durumunu hiç tatminkâr bulmuyorsanız ‘1’, son derece tatminkâr buluyorsanız ‘10’ olmak üzere hanenizin maddi d urumun a bir puan veriniz. FY CY","['Hiç', '10', 'Hiç', '2', '3', '4', '5', '6', '7', '8', '9', '10', 'Fikri Yok', 'Cevap Yok', '12']",,Q49,"All things considered, how satisfied are you with your life as a whole these days? Using this card on which","['A great deal', '10', 'A great deal', '2', '3', '4', '5', '6', '7', '8', '9', '10']",
Q51,Yeterli yemek bulamamak,"['Sık Sık', 'Bazen', 'Pek Değil', 'Hiç Değil', 'Fikri Yok', 'Cevap Yok']",,Q50,How satisfied are you with the financial situation of your household? Please use this card again to help with your answer (code one number ): Completely dissatisfied Completely satisfied,"['A great deal', '2', '3', '4', '5', '6', '7', '8', '9', '10', '12']",
Q52,Evinizde güvenlikli hissetmemek,"['Sık Sık', 'Bazen', 'Pek Değil', 'Hiç Değil', 'Fikri Yok', 'Cevap Yok']",,Q51,Gone without enough food to eat,"['Rarely', 'Never', '3', '4']",
Q53,İhtiyacınız olan sağlık hizmetini veya ilacı alamamak,"['Sık Sık', 'Bazen', 'Pek Değil', 'Hiç Değil', 'Fikri Yok', 'Cevap Yok']",,Q52,Felt unsafe from crime in your home,"['Rarely', 'Never', '3', '4']",
Q54,Yeterli nakit bulamamak,"['Sık Sık', 'Bazen', 'Pek Değil', 'Hiç Değil', 'Fikri Yok', 'Cevap Yok']",,Q53,Gone without medicine or medical treatment that you needed,"['Rarely', 'Never', '3', '4']",
Q55,"Başınızı sokacağınız bir ev, bir çatı bulamamak","['Sık Sık', 'Bazen', 'Pek Değil', 'Hiç Değil', 'Fikri Yok', 'Cevap Yok']",,Q54,Gone without a cash income,"['Rarely', 'Never', '3', '4']",
Q56,"Şu andaki hayat standardınızı, ana -babanızın yaklaş ık sizin yaşınızdaykenki hayat standartları ile karşılaştır acak olursanız, sizin durumunuz onlardan daha mı iyi, hemen hemen aynı mı, yoksa onların yaşam standardı daha mı iyiydi dersiniz?","['Sık Sık', 'Bazen', 'Pek Değil', 'Sık Sık', 'Bazen']",,Q55,Gone without a safe shelter over your head,"['Rarely', 'Never', '3', '4']",
Q58,Aileniz,"['Tamamen Güvenirim', 'Biraz Güvenirim', 'Pek Güvenmem', 'Hiç Güvenmem', 'Fikri Yok', 'Cevap Yok']",,Q56,"Comparing your standard of living with your parents’ standard of living when they were about your age, would you say that you are better off, worse off or about the same? 1. Better off, 2. Worse off, 3. Or about the same. WVS","['Rarely', 'Never', '3', '2017', '-2021', '7', 'Fikri Yok', '-3', 'Cevap Yok', '-5', '7', '27']",
Q59,Mahalleniz (veya köyünüzdeki insanlar),"['Tamamen Güvenirim', 'Biraz Güvenirim', 'Pek Güvenmem', 'Hiç Güvenmem', 'Fikri Yok', 'Cevap Yok']",,Q57,"Generally speaking, would you say that most people can be trusted or that you need to be very careful in dealing with people? (Code one answer ):","['Rarely', 'Never']",
Q60,Şahsen tanıdığınız insanlar,"['Tamamen Güvenirim', 'Biraz Güvenirim', 'Pek Güvenmem', 'Hiç Güvenmem', 'Fikri Yok', 'Cevap Yok']",,Q58,Your family,"['Trust completely', 'Trust somewhat', 'Do not trust very much', 'Do not trust at all']",
Q61,İlk kez tanıştığınız insanlar,"['Tamamen Güvenirim', 'Biraz Güvenirim', 'Pek Güvenmem', 'Hiç Güvenmem', 'Fikri Yok', 'Cevap Yok']",,Q59,Your neighborhood,"['Trust completely', 'Trust somewhat', 'Do not trust very much', 'Do not trust at all']",
Q62,Başka bir dinden insanlar,"['Tamamen Güvenirim', 'Biraz Güvenirim', 'Pek Güvenmem', 'Hiç Güvenmem', 'Fikri Yok', 'Cevap Yok']",,Q60,People you know personally,"['Trust completely', 'Trust somewhat', 'Do not trust very much', 'Do not trust at all']",
Q63,Başka bir milletten insanlar,"['Tamamen Güvenirim', 'Biraz Güvenirim', 'Pek Güvenmem', 'Hiç Güvenmem', 'Fikri Yok', 'Cevap Yok']",,Q61,People you meet for the first time,"['Trust completely', 'Trust somewhat', 'Do not trust very much', 'Do not trust at all']",
Q64,"Din adamları, dini liderler","['Tamamen Güvenirim', 'Biraz Güvenirim', 'Pek Güvenmem', 'Hiç Güvenmem', 'Fikri Yok', 'Cevap Yok']",,Q62,People of another religion,"['Trust completely', 'Trust somewhat', 'Do not trust very much', 'Do not trust at all']",
Q65,Ordu,"['Tamamen Güvenirim', 'Biraz Güvenirim', 'Pek Güvenmem', 'Hiç Güvenmem', 'Fikri Yok', 'Cevap Yok']",,Q63,People of another nationality,"['Trust completely', 'Trust somewhat', 'Do not trust very much', 'Do not trust at all']",
Q66,"Basın (gazeteler,dergiler)","['Tamamen Güvenirim', 'Biraz Güvenirim', 'Pek Güvenmem', 'Hiç Güvenmem', 'Fikri Yok', 'Cevap Yok']",,Q64,The [c hurches],"['A great deal', 'A great deal', 'Quite a lot', 'Not very much', 'None at all']",
Q67,Televizyonlar,"['Tamamen Güvenirim', 'Biraz Güvenirim', 'Pek Güvenmem', 'Hiç Güvenmem', 'Fikri Yok', 'Cevap Yok']",,Q65,The armed forces,"['A great deal', 'Quite a lot', 'Not very much', 'None at all']",
Q68,İşçi sendikaları,"['Tamamen Güvenirim', 'Biraz Güvenirim', 'Pek Güvenmem', 'Hiç Güvenmem', 'Fikri Yok', 'Cevap Yok']",,Q66,The press,"['A great deal', 'Quite a lot', 'Not very much', 'None at all']",
Q69,Polis,"['Tamamen Güvenirim', 'Biraz Güvenirim', 'Pek Güvenmem', 'Hiç Güvenmem', 'Fikri Yok', 'Cevap Yok']",,Q67,Television,"['A great deal', 'Quite a lot', 'Not very much', 'None at all']",
Q70,"Mahkemeler, hukuk sistemi","['Tamamen Güvenirim', 'Biraz Güvenirim', 'Pek Güvenmem', 'Hiç Güvenmem', 'Fikri Yok', 'Cevap Yok']",,Q68,Labor unions,"['A great deal', 'Quite a lot', 'Not very much', 'None at all']",
Q72,Genel olarak siyasi partiler,"['Tamamen Güvenirim', 'Biraz Güvenirim', 'Pek Güvenmem', 'Hiç Güvenmem', 'Fikri Yok', 'Cevap Yok']",,Q69,The police,"['A great deal', 'Quite a lot', 'Not very much', 'None at all']",
Q73,Parlamento yani Büyük Millet Meclisi,"['Tamamen Güvenirim', 'Biraz Güvenirim', 'Pek Güvenmem', 'Hiç Güvenmem', 'Fikri Yok', 'Cevap Yok']",,Q70,The courts,"['A great deal', 'Quite a lot', 'Not very much', 'None at all']",
Q74,"Devlet memurları, bürokratlar","['Tamamen Güvenirim', 'Biraz Güvenirim', 'Pek Güvenmem', 'Hiç Güvenmem', 'Fikri Yok', 'Cevap Yok']",,Q71,The government,"['A great deal', 'Quite a lot', 'Not very much', 'None at all']",
Q75,Üniversiteler,"['Tamamen Güvenirim', 'Biraz Güvenirim', 'Pek Güvenmem', 'Hiç Güvenmem', 'Fikri Yok', 'Cevap Yok']",,Q72,Political parties,"['A great deal', 'Quite a lot', 'Not very much', 'None at all']",
Q76,Seçimler,"['Tamamen Güvenirim', 'Biraz Güvenirim', 'Pek Güvenmem', 'Hiç Güvenmem', 'Fikri Yok', 'Cevap Yok']",,Q73,Parliament,"['A great deal', 'Quite a lot', 'Not very much', 'None at all']",
Q77,Büyük şirketler,"['Tamamen Güvenirim', 'Biraz Güvenirim', 'Pek Güvenmem', 'Hiç Güvenmem', 'Fikri Yok', 'Cevap Yok']",,Q74,The civil service,"['A great deal', 'Quite a lot', 'Not very much', 'None at all']",
Q78,Bankalar,"['Tamamen Güvenirim', 'Biraz Güvenirim', 'Pek Güvenmem', 'Hiç Güvenmem', 'Fikri Yok', 'Cevap Yok']",,Q75,Universities,"['A great deal', 'Quite a lot', 'Not very much', 'None at all']",
Q79,Çevreci örgütler,"['Tamamen Güvenirim', 'Biraz Güvenirim', 'Pek Güvenmem', 'Hiç Güvenmem', 'Fikri Yok', 'Cevap Yok']",,Q76,Elections,"['A great deal', 'Quite a lot', 'Not very much', 'None at all']",
Q80,Kadın hakları örgütleri,"['Tamamen Güvenirim', 'Biraz Güvenirim', 'Pek Güvenmem', 'Hiç Güvenmem', 'Fikri Yok', 'Cevap Yok']",,Q77,Major companies,"['A great deal', 'Quite a lot', 'Not very much', 'None at all']",
Q81,Yardım ve hayır işleri örgütleri,"['Tamamen Güvenirim', 'Biraz Güvenirim', 'Pek Güvenmem', 'Hiç Güvenmem', 'Fikri Yok', 'Cevap Yok']",,Q78,Banks,"['A great deal', 'Quite a lot', 'Not very much', 'None at all']",
Q82,Avrupa Birliği,"['Tamamen Güvenirim', 'Biraz Güvenirim', 'Pek Güvenmem', 'Hiç Güvenmem', 'Fikri Yok', 'Cevap Yok']",,Q79,Environmental organizations,"['A great deal', 'Quite a lot', 'Not very much', 'None at all']",
Q83,Birleşmiş Milletler,"['Tamamen Güvenirim', 'Biraz Güvenirim', 'Pek Güvenmem', 'Hiç Güvenmem', 'Fikri Yok', 'Cevap Yok']",,Q80,Women’s organizations,"['A great deal', 'Quite a lot', 'Not very much', 'None at all']",
Q84,Uluslararası Para Fonu (IMF),"['Tamamen Güvenirim', 'Biraz Güvenirim', 'Pek Güvenmem', 'Hiç Güvenmem', 'Fikri Yok', 'Cevap Yok']",,Q81,Charitable or humanitarian organizations,"['A great deal', 'Quite a lot', 'Not very much', 'None at all']",
Q85,Uluslararası ceza mahkemesi,"['Tamamen Güvenirim', 'Biraz Güvenirim', 'Pek Güvenmem', 'Hiç Güvenmem', 'Fikri Yok', 'Cevap Yok']",,Q82,The [ European Union ],"['Quite a lot', 'A great deal', 'Quite a lot', 'Not very much', 'None at all']",
Q86,Kuzey Atlantik Paktı (NATO),"['Tamamen Güvenirim', 'Biraz Güvenirim', 'Pek Güvenmem', 'Hiç Güvenmem', 'Fikri Yok', 'Cevap Yok']",,Q83,The United Nations,"['A great deal', 'Quite a lot', 'Not very much', 'None at all']",
Q87,Dünya Bankası,"['Tamamen Güvenirim', 'Biraz Güvenirim', 'Pek Güvenmem', 'Hiç Güvenmem', 'Fikri Yok', 'Cevap Yok']",,Q84,The International Monetary Fund (IMF),"['A great deal', 'Quite a lot', 'Not very much', 'None at all']",
Q88,Dünya Sağlık Örgütü,"['Tamamen Güvenirim', 'Biraz Güvenirim', 'Pek Güvenmem', 'Hiç Güvenmem', 'Fikri Yok', 'Cevap Yok']",,Q85,International Criminal Court (ICC),"['A great deal', 'Quite a lot', 'Not very much', 'None at all']",
Q89,Dünya Ticaret Örgütü,"['Tamamen Güvenirim', 'Biraz Güvenirim', 'Pek Güvenmem', 'Hiç Güvenmem', 'Fikri Yok', 'Cevap Yok']",,Q86,The North Atlantic Treaty Organization (NATO),"['A great deal', 'Quite a lot', 'Not very much', 'None at all']",
Q90,"Günümüzde uluslararası örgütler çok tartışılıyor. Bazen insanlar, uluslararası örgütlerin önceliğinin, kararlar demokratik olarak verilmese bile, insanların hayatlarını iyileştirmek olduğunu söylüyor. Size göre, uluslararası örgütler neye öncelik ver melidir? Etkin olmaya mı, yoksa demokratik olmaya mı? Eğer sizin görüşleriniz ikisinin arasında bir yerlerd eyse, ona göre arada bir sayıyı seçiniz.",[],,Q87,The World Bank,"['A great deal', 'Quite a lot', 'Not very much', 'None at all']",
Q91,,"['5', 'Bazen', '2', '3', 'Fikri Yok', 'Cevap Yok']",,Q88,The World Health Organization (WHO),"['A great deal', 'Quite a lot', 'Not very much', 'None at all']",
Q92,"Uluslararası Para Fonu, yani IMF’nin genel merkezi nerede? A)Vaşington B) Londra C) Cenevre A) Washington DC, B) London, C) Geneva","['Bazen', '2', '3', 'Fikri Yok', 'Cevap Yok']",,Q89,The World Trade Organization (WTO),"['A great deal', 'Quite a lot', 'Not very much', 'None at all', 'A great deal', 'Quite a lot', '82', '82', '2017', '-2021', '7', 'Fikri Yok', '-3', 'Cevap Yok', '-5', '8', '27']",
Q94,"Dini dernek, vakıf, kuruluş, cami yaptırma derneği vs.","['Pasif üye', 'Aktif üye', 'Üye değil', 'Fikri Yok', 'Cevap Yok']",,Q90,"Nowadays there’s a lot of talk about international organizations. People sometimes say that international organizations should prioritize improving people’s lives, even if this may imply that decisions are not made democratically. What do you think should international organizations prioritize, being effective or being democratic? If your views are somewhat mixed, choose the appropriate number in between. Being effective Being democratic","['Agree', '2', '3', '4', '5', '6', '7', '8', '9', '10']",
Q95,"Spor kulüpleri, boş zamanları değerlendirme kuruluşları","['Pasif üye', 'Aktif üye', 'Üye değil', 'Fikri Yok', 'Cevap Yok']",,Q91,"Five countries have permanent seats on the Security Council of the United Nations. Which one of the following is not a member? A) France, B) China, C) India","['Agree', '2', '3']",
Q96,"Eğitim, sanat, müzik, kültür gibi alanlarda çalışan bir kuruluş","['Pasif üye', 'Aktif üye', 'Üye değil', 'Fikri Yok', 'Cevap Yok']",,Q92,"Where are the headquarters of the International Monetary Fund (IMF) located? A) Washington DC, B) London, C) Geneva","['Agree', '2', '3']",
Q97,Sendika,"['Pasif üye', 'Aktif üye', 'Üye değil', 'Fikri Yok', 'Cevap Yok']",,Q93,"Which of the following problems does the organization Amnesty International deal with? A) Climate change, B) Human rights, C) Destruction of historic monuments","['Agree', '2', '3']",
Q98,Siyasi parti,"['Pasif üye', 'Aktif üye', 'Üye değil', 'Fikri Yok', 'Cevap Yok']",,Q94,Church or religious organization,"['Inactive member', 'Active member', 'Don’t belong']",
Q99,"Çevreci kuruluşlar; çevre koruma dernekleri, vakıfları","['Pasif üye', 'Aktif üye', 'Üye değil', 'Fikri Yok', 'Cevap Yok']",,Q95,"Sport or recreational organization, football/baseball/rugby team","['Inactive member', 'Active member', 'Don’t belong']",
Q100,"Meslek kuruluşları (örneğin meslek odaları, esnaf odaları, barolar)","['Pasif üye', 'Aktif üye', 'Üye değil', 'Fikri Yok', 'Cevap Yok']",,Q96,"Art, music or educational organization","['Inactive member', 'Active member', 'Don’t belong']",
Q101,Hayır kuruluşları; yardım dernekleri; insani örgütler,"['Pasif üye', 'Aktif üye', 'Üye değil', 'Fikri Yok', 'Cevap Yok']",,Q97,Labor Union,"['Inactive member', 'Active member', 'Don’t belong']",
Q102,"Tüketici kuruluşları, tüketiciyi koruma dernekleri","['Pasif üye', 'Aktif üye', 'Üye değil', 'Fikri Yok', 'Cevap Yok']",,Q98,Political party,"['Inactive member', 'Active member', 'Don’t belong']",
Q103,"Aynı sorunu (örneğin hastalık, bağımlılık gibi) paylaşan insanların birbirleriyle yardımlaşmak için kurdukları gruplar","['Pasif üye', 'Aktif üye', 'Üye değil', 'Fikri Yok', 'Cevap Yok']",,Q99,Environmental organization,"['Inactive member', 'Active member', 'Don’t belong']",
Q104,Kadın kuruluşları; kadın hakları ve sorunları ile ilgilenen kuruluşlar,"['Pasif üye', 'Aktif üye', 'Üye değil', 'Fikri Yok', 'Cevap Yok']",,Q100,Professional association,"['Inactive member', 'Active member', 'Don’t belong']",
Q106,FY CY,"['Aktif üye', 'Pasif üye', 'Üye değil', '4', '5', '6', '7', '8', '9', '10', 'Fikri Yok', 'Cevap Yok']",,Q101,Humanitarian or charitable organization,"['Inactive member', 'Active member', 'Don’t belong']",
Q107,FY CY,"['Aktif üye', 'Pasif üye', 'Üye değil', '4', '5', '6', '7', '8', '9', '10', 'Fikri Yok', 'Cevap Yok']",,Q102,Consumer organization,"['Inactive member', 'Active member', 'Don’t belong']",
Q108,FY CY,"['Aktif üye', 'Pasif üye', 'Üye değil', '4', '5', '6', '7', '8', '9', '10', 'Fikri Yok', 'Cevap Yok']",,Q103,"Self-help group, mutual aid group","['Inactive member', 'Active member', 'Don’t belong']",
Q109,FY CY,"['Aktif üye', 'Pasif üye', 'Üye değil', '4', '5', '6', '7', '8', '9', '10', 'Fikri Yok', 'Cevap Yok']",,Q104,Women’s group,"['Inactive member', 'Active member', 'Don’t belong']",
Q110,FY CY,"['Aktif üye', 'Pasif üye', 'Üye değil', '4', '5', '6', '7', '8', '9', '10', 'Fikri Yok', 'Cevap Yok']",,Q105,Other organization,"['Inactive member', 'Active member', 'Don’t belong']",
Q111,"Şimdi size, insanların çevre sorunları ve ekonomik gelişme konularından söz ederken ileri sürdükleri iki fikir okuyacağım. Bunlardan hangisi sizin görüşlerinize daha yakın? (ANKETÖRE : İki görüşü de okuduktan sonra, seçilen görüşün başındaki sayıyı daire içine alınız. Her zaman olduğu gibi, “diğer”, “FY” ve “CY” şıklarını asla okumayınız.) 1. Ekonomik gelişmeyi yavaşlatsa ve b iraz işsizliğe yol açsa bile, çevrenin korunmasına öncelik verilmelidir. 2. Çevreye bir miktar zarar gelse bile, ekonomik ge lişmeye ve iş yaratmaya öncelik verilmelidir. 3. Diğer (............................................................................) ............................................... -","['Aktif üye', 'Pasif üye', 'Üye değil', 'Aktif üye', 'Pasif üye']",,Q106,Incomes should be made more equal There should be greater incentives for individual effort,"['Active member', 'Inactive member', 'Don’t belong', '4', '5', '6', '7', '8', '9', '10']",
Q112,"Şimdi size yolsuzluk konusundaki düşüncel erinizi sormak istiyor um. Yani insanların ihtiyaç duydukları işleri veya hizmetleri yaptırabilmek için başkalarına rüşvet, hediye gibi şeyler vermeleri... Ülkemizdeki yolsuzluklarla ilgili görüşlerinizi aşağıdaki","['10', 'Her zaman', '10']",,Q107,Private ownership of business and industry should be increased Government ownership of business and industry should be increased,"['Active member', 'Inactive member', 'Don’t belong', '4', '5', '6', '7', '8', '9', '10']",
Q113,Seçilmiş yöneticiler,"['Çok az sayıda', 'Yarıdan az', 'Çoğunluk', 'Hemen hemen hepsi', 'Fikri Yok', 'Cevap Yok']",,Q108,Government should take more responsibility to ensure that everyone is provided for People should take more responsibility to provide for themselves,"['Active member', 'Inactive member', 'Don’t belong', '4', '5', '6', '7', '8', '9', '10', '2017', '-2021', '7', 'Fikri Yok', '-3', 'Cevap Yok', '-5', '9', '27']",
Q114,Özel şirket yöneticileri,"['Çok az sayıda', 'Yarıdan az', 'Çoğunluk', 'Hemen hemen hepsi', 'Fikri Yok', 'Cevap Yok']",,Q109,Competition is g ood Competition is harmful,"['Active member', 'Inactive member', 'Don’t belong', '4', '5', '6', '7', '8', '9', '10']",
Q115,Yerel yönetimlerdeki yetkililer,"['Çok az sayıda', 'Yarıdan az', 'Çoğunluk', 'Hemen hemen hepsi', 'Fikri Yok', 'Cevap Yok']",,Q110,"In the long run, hard work usually brings a better life Hard work doesn’t generally bring success —it’s more a matter of luck and connections","['Active member', 'Inactive member', 'Don’t belong', '4', '5', '6', '7', '8', '9', '10']",
Q116,Devlet memurları,"['Çok az sayıda', 'Yarıdan az', 'Çoğunluk', 'Hemen hemen hepsi', 'Fikri Yok', 'Cevap Yok']",,Q111,Here are two statements people sometimes make when discussing the environment and economic growth. Which of them comes closer to your own point of view? (Read out and code one answer ):,"['Active member', 'Inactive member', 'Don’t belong']",
Q117,Gazeteciler ve medya,"['Çok az sayıda', 'Yarıdan az', 'Çoğunluk', 'Hemen hemen hepsi', 'Fikri Yok', 'Cevap Yok']",,Q112,"Now I'd like you to tell me your views on corruption – when people pay a bribe, give a gift or do a favor to other people in order to get the things they need done or the services they need . How would you place your views on corruption in your country on a","['10', 'Active member', '10', 'Active member', 'Inactive member', 'Don’t belong', '4', '5', '6', '7', '8', '9', '10']",
Q118,"Peki, siz(ce) veya tanıdığınız birinin çeşitli hizmetlerden yararlanmak için ne sık lıkla rüşvet veya bir hediye ve rmesi ya da bir iyilik yapması gerekir . (ANKETÖRE: Örnek vermek gerekirse hizmet veren memurlar ve personeller ) Asla Pek değil Sıklıkla Her zaman FY CY","['Çok az sayıda', 'Yarıdan az', 'Çoğunluk', 'Hemen hemen hepsi', 'Fikri Yok', 'Cevap Yok', 'Çok az sayıda', 'Yarıdan az', 'Çoğunluk', 'Hemen hemen hepsi', 'Çok az sayıda', 'Yarıdan az', 'Çoğunluk', 'Hemen hemen hepsi', '9', '10', 'Fikri Yok', 'Cevap Yok']",,Q113,State authorities,"['None of them', 'Few of them', 'Most of them', 'All of them']",
Q120,"Ülkemizde, bir kamu hizmeti için rüşvet, hediye vs . alıp vermenin risk i ne kadar yüksektir.","['10', 'Asla', '10']",,Q114,Business executives,"['None of them', 'Few of them', 'Most of them', 'All of them']",
Q121,"Şimdi de, başka ülkelerden, bizim ülkemizde yaşamak için gelen göçmenler hakkındaki görüşlerinizi sormak isterim. Bu insanların, yani başka ülkelerden gelen göçmenlerin, ülkemiz üzerinde nasıl bir etki yaptığını düşünüyorsunuz? Çok iyi mi, biraz iyi mi, ne iyi ne kötü mü, kötü mü, çok mu kötü? Çok kötü Biraz kötü Ne iyi ne kötü Biraz iyi Çok iyi FY CY","['Asla', 'Pek değil', 'Sıklıkla', 'Her zaman', '5', 'Fikri Yok', 'Cevap Yok']",,Q115,Local authorities,"['None of them', 'Few of them', 'Most of them', 'All of them']",
Q122,"Göç sayesinde, boş kalan önemli işlerde çalışacak birileri bulunur","['Çok kötü', 'Çok iyi', 'Katılmam', 'Fikri Yok', 'Cevap Yok']",,Q116,"Civil servic e providers (police, judiciary, civil servants, doctors, teachers)","['None of them', 'Few of them', 'Most of them', 'All of them']",
Q123,"Göç, kültürel çeşitliliği güçlendirir","['Çok kötü', 'Çok iyi', 'Katılmam', 'Fikri Yok', 'Cevap Yok']",,Q117,Journalists and media,"['None of them', 'Few of them', 'Most of them', 'All of them']",
Q124,"Göç, suç oranını arttırır","['Çok kötü', 'Çok iyi', 'Katılmam', 'Fikri Yok', 'Cevap Yok']",,Q118,"We want to know about your experience with local officials and service providers , like police officers, lawyers, doctors, teachers and civil servants in your community. How often do you think ordinary people like yourself or people from your neighbourhoo d have to pay a bribe, give a gift or do a favor to these people in order to get the services you need? Does it happen never, rarely, frequently or always? (Interviewer: code just one number! ) Never Rarely Frequently Always","['None of them', 'Few of them', 'Most of them', 'All of them']",
Q125,"Göç, başka ülkelerde zulüm gören siyasal göçmenlere sığınacak bir yer sağlar","['Çok kötü', 'Çok iyi', 'Katılmam', 'Fikri Yok', 'Cevap Yok']",,Q119,"Can you tell me how strongly you agree or disagr ee with the following statement: “on the whole, women are less corrupt than men”?","['Never', 'Rarely', 'Frequently', 'Always', 'Always']",
Q126,"Göç, terör tehlikesini arttırır","['Çok kötü', 'Çok iyi', 'Katılmam', 'Fikri Yok', 'Cevap Yok']",,Q120,"How high is the risk in this country to be held accountable for giving or receiving a bribe, gift or favor in return for public service? To indicate your opinion, use a","['10', 'Strongly agree', '10', 'Strongly agree', 'Agree', 'Disagree', 'Strongly disagree', 'Hard to say', '6', '7', '8', '9', '10', '2017', '-2021', '7', 'Fikri Yok', '-3', 'Cevap Yok', '-5', '10', '27']",
Q127,"Göç, yoksul ülkelerden gelenlere daha iyi bir yaşam sağlar","['Çok kötü', 'Çok iyi', 'Katılmam', 'Fikri Yok', 'Cevap Yok']",,Q121,"Now we would like to know your opinion about the people from other countries who come to live in [your country] - the immigrants. How would you evaluate the impact of these people on the development of [your country]? Very good Quite good Neither good, nor bad Quite bad Very bad","['Hard to say', 'Strongly disagree', 'Disagree', 'Agree', 'Strongly agree']",
Q128,"Göç, işsizliği arttırır","['Çok kötü', 'Çok iyi', 'Katılmam', 'Fikri Yok', 'Cevap Yok']",,Q122,Fills important jobs vacancies,"['Quite good', 'Very good', 'Disagree']",
Q129,"Göç, toplumsal çatışmalara yol açar","['Çok kötü', 'Çok iyi', 'Katılmam', 'Fikri Yok', 'Cevap Yok']",,Q123,Strengthen s cultural diversity,"['Quite good', 'Very good', 'Disagree']",
Q130,"Ülkemize , daha fakir ülkelerden çalışmak için gelenlere ne dersiniz? Bu konuda devlet şunlardan hangisini yapmalıdır?","['Çok iyi', 'Çok kötü', 'Biraz kötü', 'Ne iyi ne kötü', 'Çok iyi', 'Çok kötü', 'Biraz kötü', 'Ne iyi ne kötü', 'Katılmam', 'Fikri Yok', 'Cevap Yok', 'Çok iyi', 'Çok kötü', 'Biraz kötü', 'Ne iyi ne kötü', 'Biraz iyi', 'Çok iyi', 'Katılırım', 'Katılmam', '9', '10', 'Fikri Yok', 'Cevap Yok']",,Q124,Increase s the crime rate,"['Quite good', 'Very good', 'Disagree']",
Q131,"Bugünlerde kendinizi mahallenizde ne kadar güvenlikli hissediyorsunuz? Çok güvende mi, biraz güvende mi hissediyorsunuz? Yoksa mahallenizde pek güvende ya da hiç güvende hissetmiyor musunuz?","['Katılırım', 'Katılmam', 'Hiç', '4', 'Fikri Yok', 'Cevap Yok']",,Q125,Gives asylum to political refugees who are persecuted elsewhere,"['Quite good', 'Very good', 'Disagree']",
Q132,Hırsızlık,"['Hiç', 'Çok sık', 'Epeyce sık', 'Çok sık', 'Fikri Yok', 'Cevap Yok']",,Q126,Increase s the risks of terrorism,"['Quite good', 'Very good', 'Disagree']",
Q133,Sokaklarda içki içme,"['Hiç', 'Çok sık', 'Epeyce sık', 'Çok sık', 'Fikri Yok', 'Cevap Yok']",,Q127,Offers people from poor countries a better living,"['Quite good', 'Very good', 'Disagree']",
Q134,Polis veya askerin insanların özel yaşamına müdahalesi,"['Hiç', 'Çok sık', 'Epeyce sık', 'Çok sık', 'Fikri Yok', 'Cevap Yok']",,Q128,Increase s unemployment,"['Quite good', 'Very good', 'Disagree']",
Q135,Irkçı davranışlar,"['Hiç', 'Çok sık', 'Epeyce sık', 'Çok sık', 'Fikri Yok', 'Cevap Yok']",,Q129,Lead s to social conflict,"['Quite good', 'Very good', 'Disagree']",
Q136,Sokaklarda uyuşturucu satışı,"['Hiç', 'Çok sık', 'Epeyce sık', 'Çok sık', 'Fikri Yok', 'Cevap Yok']",,Q130,How about people from other countries coming here to work. Which one of the following do you think the government should do? 1. Let anyone come who wants to 2. Let people come as l ong as there are jobs available 3. Place strict limits on the number of foreigners who can come here 4. Prohibit people c oming here from other countries SECURITY,"['Very good', 'Quite good', 'Quite bad', 'Very bad']",
Q137,Sokaklarda şiddet ve kavgalar,"['Hiç', 'Çok sık', 'Epeyce sık', 'Çok sık', 'Fikri Yok', 'Cevap Yok']",,Q131,Could you tell me how secure do you feel these days? Very secure,"['Very good', 'Quite good', 'Quite bad', 'Very bad']",
Q138,Cinsel taciz,"['Hiç', 'Çok sık', 'Epeyce sık', 'Çok sık', 'Fikri Yok', 'Cevap Yok']",,Q132,Robberies,"['Not at all', 'Very frequently', 'Quite frequently', 'Not frequently']",
Q139,Yanımda fazla para taşımamak,"['Hiç', 'Çok sık', 'Fikri Yok', 'Cevap Yok']",,Q133,Alcohol consumption in the streets,"['Not at all', 'Very frequently', 'Quite frequently', 'Not frequently']",
Q140,Geceleri sokağa çıkmamak,"['Hiç', 'Çok sık', 'Fikri Yok', 'Cevap Yok']",,Q134,Police or military interfere with people’s private life,"['Not at all', 'Very frequently', 'Quite frequently', 'Not frequently']",
Q142,İşinizi kaybedip yeni bir iş bulamamak,"['Çok Endişe Duyuyorum', 'Biraz Endişe Duyuyorum', 'Pek Endişe Duymuyorum', 'Hiç Endişe Duymuyorum', 'Fikri Yok', 'Cevap Yok', '-3']",,Q135,Racist behavior,"['Not at all', 'Very frequently', 'Quite frequently', 'Not frequently']",
Q143,Çocuklarıma iyi bir eğitim sağlayamamak,"['Çok Endişe Duyuyorum', 'Biraz Endişe Duyuyorum', 'Pek Endişe Duymuyorum', 'Hiç Endişe Duymuyorum', 'Fikri Yok', 'Cevap Yok', '-3']",,Q136,Drug sale in streets,"['Not at all', 'Very frequently', 'Quite frequently', 'Not frequently']",
Q144,Kendim,"['Çok Endişe Duyuyorum', 'Biraz Endişe Duyuyorum', 'Fikri Yok', 'Cevap Yok']",,Q137,Street violence and fights,"['Not at all', 'Very frequently', 'Quite frequently', 'Not frequently']",
Q145,Ailemden biri,"['Çok Endişe Duyuyorum', 'Biraz Endişe Duyuyorum', 'Fikri Yok', 'Cevap Yok']",,Q138,Sexual harassment,"['Not at all', 'Very frequently', 'Quite frequently', 'Not frequently']",
Q146,Ülkemin bir savaşa girmesi,"['Çok Endişe Duyuyorum', 'Biraz Endişe Duyuyorum', 'Pek Endişe Duymuyorum', 'Hiç Endişe Duymuyorum', 'Fikri Yok', 'Cevap Yok']",,Q139,Didn’t carry much money,"['Not at all', 'Very frequently']",
Q147,Bir terör saldırısı,"['Çok Endişe Duyuyorum', 'Biraz Endişe Duyuyorum', 'Pek Endişe Duymuyorum', 'Hiç Endişe Duymuyorum', 'Fikri Yok', 'Cevap Yok']",,Q140,Preferred not to go out at night,"['Not at all', 'Very frequently']",
Q148,İç savaş,"['Çok Endişe Duyuyorum', 'Biraz Endişe Duyuyorum', 'Pek Endişe Duymuyorum', 'Hiç Endişe Duymuyorum', 'Fikri Yok', 'Cevap Yok']",,Q141,"Carried a knife, gun or other weapon","['Not at all', 'Very frequently', '2017', '-2021', '7', 'Fikri Yok', '-3', 'Cevap Yok', '-5', '11', '27']",
Q149,"Mevcut demokrasilerde, iki değer yanyana görülüyor. Bunlar eşitlik ve özgürlük. Ancak kararlarda ve uygulamalarda, zaman zaman bu iki değer çelişebiliyor. Size göre bugün, bu iki değerden hangisi daha önemli. (ANKETÖRE : şıkları okuyunuz. Tabii iki değer de önemli ama örneğin bazı eşitlikçi politikalar özgürlükleri zedelerse, tercih ne hangisi olmalı diye soruyoruz.)","['Çok Endişe Duyuyorum', 'Biraz Endişe Duyuyorum']",,Q142,Losing my job or not finding a job,"['Very much', 'A good deal', 'Not much', 'Not at all']",
Q150,"Aynı şekilde, özgürlük ve güvenlik değerlerinin çelişebildiğini düşünecek olursak; size göre bugün, bu iki değerden hangisi daha önemli? (ANKETÖRE : şıkları okuyunuz. Tabii iki değer de önemli ama örneğin bazı eşitlikçi politikalar özgürlükleri zedelerse, tercih ne hangisi olmalı diye soruyoruz.)","['Çok Endişe Duyuyorum', 'Biraz Endişe Duyuyorum', 'Fikri Yok', 'Cevap Yok']",,Q143,Not being able to give my children a good education,"['Very much', 'A good deal', 'Not much', 'Not at all']",
Q151,"Kuşkusuz, hepimizin dileği bir savaş olmamasıdır ama bir savaş çıkacak olsa siz de ülkeniz için savaşır mıydınız?","['Çok Endişe Duyuyorum', 'Biraz Endişe Duyuyorum', 'Fikri Yok', 'Cevap Yok']",,Q144,Respondent,"['Very much', 'A good deal']",
Q152,Önümüzdeki,"['10', '152', 'Hiç Endişe Duymuyorum', 'Çok Endişe Duyuyorum', 'Biraz Endişe Duyuyorum', 'Pek Endişe Duymuyorum', 'Hiç Endişe Duymuyorum', 'Fikri Yok', 'Cevap Yok']",,Q145,Family,"['Very much', 'A good deal']",
Q153,Peki ..........’den sonra ikinci en önemli hedef hangisi olmalıdır?,"['Çok Endişe Duyuyorum', 'Biraz Endişe Duyuyorum', 'Pek Endişe Duymuyorum', 'Hiç Endişe Duymuyorum', 'Fikri Yok', 'Cevap Yok']",,Q146,A war involving my country,"['Very much', 'A good deal', 'Not much', 'Not at all']",
Q154,"Bir seçim daha yapacak olsanız, aşağıdakilerden hangi si ülkemiz için en önemlidir? (ANKETÖRE: Birinci en önemli hedefi sorarak, cevapları daire içine alınız.)","['Çok Endişe Duyuyorum', 'Biraz Endişe Duyuyorum', 'Pek Endişe Duymuyorum', 'Hiç Endişe Duymuyorum']",,Q147,A terrorist attack,"['Very much', 'A good deal', 'Not much', 'Not at all']",
Q155,"Peki ..........’den sonra ikinci en önemli hedef hangisi olmalıdır? (ANKETÖRE: İkinci en önemli hedefi sorarak, cevapları daire içine alınız.)","['Çok Endişe Duyuyorum', 'Biraz Endişe Duyuyorum', 'Pek Endişe Duymuyorum', 'Hiç Endişe Duymuyorum', 'Fikri Yok', 'Cevap Yok']",,Q148,A civil war,"['Very much', 'A good deal', 'Not much', 'Not at all']",
Q156,"Şimdi size bir liste daha... Size göre bunların içinde en önemlisi hangi si? (ANKETÖRE: Birinci en önemli hedefi sorarak, cevapları daire içine alınız.)","['Çok Endişe Duyuyorum', 'Biraz Endişe Duyuyorum', 'Pek Endişe Duymuyorum', 'Hiç Endişe Duymuyorum', 'Fikri Yok', 'Cevap Yok']",,Q149,"Most people consider both freedom and equality to be important, but if you had to choose between them, which one would you consider more important? 1. Freedom 2. Equality","['Very much', 'A good deal']",
Q157,"Peki ..........’den sonra ikinci en önemli hedef hangisi olmalıdır? (ANKETÖRE: İkinci en önemli hedefi sorarak, cevapları daire içine alınız.)","['Çok Endişe Duyuyorum', 'Biraz Endişe Duyuyorum', 'Pek Endişe Duymuyorum', 'Hiç Endişe Duymuyorum', 'Fikri Yok', 'Cevap Yok', '10', 'Çok Endişe Duyuyorum', '10']",,Q150,"Most people consider both freedom and security to be important, but if you had to choose between them, which one would you consider more important? 1. Freedom 2. Security","['Very much', 'A good deal']",
Q158,"Bilim ve teknoloji, yaşamlarımızı daha sağlıklı, daha kolay ve daha rahat yapmakta. FY CY",[],,Q151,"Of course, we all hope that there will not be another war, but if it were to come to that, would you be willing to fight for your country? (Code one answer ):","['Very much', 'A good deal']",
Q159,"Bilim ve teknoloji sayesinde, gelecek kuşaklar daha fazla imkân ve fırsata sahip olacak. FY CY","['Çok Endişe Duyuyorum', 'Biraz Endişe Duyuyorum', 'Pek Endişe Duymuyorum', 'Hiç Endişe Duymuyorum', '5', '6', '7', '8', '9', '10', 'Fikri Yok', 'Cevap Yok']",,Q152,"Would you please say which one of these you, yourself, consider the most important? (Code one answer only under “first choice” )",[],
Q160,"Bilime gereğinden fazla, imana ise gereğinden az güveniyoruz. FY CY","['Çok Endişe Duyuyorum', 'Biraz Endişe Duyuyorum', 'Pek Endişe Duymuyorum', 'Hiç Endişe Duymuyorum', '5', '6', '7', '8', '9', '10', 'Fikri Yok', 'Cevap Yok']",,Q153,And which would be the next most important? (Code one answer only under “second choice” ) Q,"['152', '153', 'Very much', 'Very much', 'Very much', 'A good deal', 'A good deal', 'A good deal', 'Not much', 'Not much', 'Not much', 'Not at all', 'Not at all', 'Not at all', '2017', '-2021', '7', 'Fikri Yok', '-3', 'Cevap Yok', '-5', '12', '27']",
Q161,"Bilimin kötü etkilerinden biri de, insanlardaki doğru ve yanlış anlayışını zedelemesidir. FY CY","['Çok Endişe Duyuyorum', 'Biraz Endişe Duyuyorum', 'Pek Endişe Duymuyorum', 'Hiç Endişe Duymuyorum', '5', '6', '7', '8', '9', '10', 'Fikri Yok', 'Cevap Yok']",,Q154,"If you had to choose, which one of the things on this card would you say is most important? (Code one answer only under “first choice” ):",[],
Q162,"Günlük yaşamımda, bana bilim hakkında bilgi gerekmez. FY CY","['Çok Endişe Duyuyorum', 'Biraz Endişe Duyuyorum', 'Pek Endişe Duymuyorum', 'Hiç Endişe Duymuyorum', '5', '6', '7', '8', '9', '10', 'Fikri Yok', 'Cevap Yok']",,Q155,And which would be the next most important? (Code one answer only under “second choice” ): Q,"['154', '155', 'First choice', 'First choice', 'First choice', 'Second choice', 'Second choice', 'Second choice', '3', '3', '3', '4', '4', '4']",
Q163,"Genel olarak değerlendirdiğinizde, bilim ve teknoloji, bu dünyayı daha iyi mi, yoksa daha kötü mü bir yer yaptı?","['10', 'Günlük', '10', 'Günlük', '2', '3', '4', '5', '6', '7', '8', '9', '10', 'Fikri Yok', 'Cevap Yok']",,Q156,"Here is another list. In your opinion, which one of these is most important? (Code one answer only under “first choice” ):",[],
Q164,Tanrı’nın sizin hayatınızdaki önemi nedir?,"['10', 'Günlük', 'Günlük', '2', '3', '4', '5', '6', '7', '8', '9', '10', 'Fikri Yok', 'Cevap Yok']",,Q157,And what would be the next most important? (Code one answer only under “second choice” ): Q,"['156', '157', 'First choice', 'First choice', 'First choice', '2', '2', '2', '3', '3', '3', '4', '4', '4']",
Q165,Tanrı,"['Hiç', '2', 'Fikri Yok', 'Cevap Yok']",,Q158,"Science and technology are making our lives healthier, easier, and more comfortable. Completely disagree Completely agree","['First choice', 'Second choice', '3', '4', '5', '6', '7', '8', '9', '10']",
Q167,Cehennem,"['Hiç', '2', 'Fikri Yok', 'Cevap Yok']",,Q159,"Because of science and technology, there will be more opportunities for the next generation. Completely disagree Completely agree","['Completely disagree', 'Completely agree', '3', '4', '5', '6', '7', '8', '9', '10']",
Q168,Cennet,"['Hiç', '2', 'Fikri Yok', 'Cevap Yok']",,Q160,We depend too much on science and not enough on faith. Completely disagree Completely agree,"['Completely disagree', 'Completely agree', '3', '4', '5', '6', '7', '8', '9', '10']",
Q169,"Bilim ile din çelişirse, her zaman din doğrudur","['Katılırım', 'Katılırım', 'Katılmam', '4', 'Fikri Yok', 'Cevap Yok']",,Q161,One of the bad effects of science is that it breaks down people’s ideas of right and wrong. Completely disagree Completely agree,"['Completely disagree', 'Completely agree', '3', '4', '5', '6', '7', '8', '9', '10']",
Q170,"Tek doğru din, benim inandığım dindir","['Katılırım', 'Katılırım', 'Katılmam', '4', 'Fikri Yok', 'Cevap Yok']",,Q162,It is not important for me to know about science in my daily life. Completely disagree Completely agree,"['Completely disagree', 'Completely agree', '3', '4', '5', '6', '7', '8', '9', '10']",
Q289,Siz bir dine bağlı mısınız? (Evet ise) hangi dine?,"['Katılmam', '5', '8', 'Fikri Yok', 'Cevap Yok']",,Q163,"All things considered, would you say that the world is better off, or worse off, because of science and technology? Please tell me which comes closest to your view on this scale:","['Completely disagree', '10', 'Completely disagree', 'Completely agree', '3', '4', '5', '6', '7', '8', '9', '10', '2017', '-2021', '7', 'Fikri Yok', '-3', 'Cevap Yok', '-5', '13', '27']",
Q171,"a. Müslümanlar için : Cenazeler dışında bugünlerde camiye ne kadar sık gidiyorsunuz? b. Müslüman olmayanlar için : Cenazeler, evlenmeler, vaftizler dışında bugünlerde sinagoga/kiliseye ne kadar sık gidiyorsunuz?","['Hiç', '2', '3', '4', '5', '6', '7', 'Hiç', 'Cevap Yok']",,Q164,How important is God in your life? Please use this scale to indicate.,"['10', 'Completely disagree', 'Completely disagree', 'Completely agree', '3', '4', '5', '6', '7', '8', '9', '10']",
Q172,"Cenazeler, evlenmele r dışında ne sıklıkta dua edersi niz? (ANKETÖRE : Şıkları okuyunuz.)","['Ayda bir', 'Hiç', '3']",,Q165,God,"['Not at all', 'Very important']",
Q173,Camiye (sinagoga/kiliseye) gidip gitmediğinize bakmaksızın siz kendinizi dindar bir kişi olarak mı görürsünüz? Sizin için şu şıklardan hangisi doğru?,"['Hiç', '2', '3', 'Fikri Yok', 'Cevap Yok']",,Q166,Life after death,"['Not at all', 'Very important']",
Q174,"Din konusunda, şu iki görüşten hangisine daha çok katılırsınız?","['Hiç', '2', 'Fikri Yok', 'Cevap Yok']",,Q167,Hell,"['Not at all', 'Very important']",
Q175,"Gene din konusunda, şu iki görüşten hangisine daha çok kat ılırsınız?","['Hiç', '2', 'Fikri Yok', 'Cevap Yok']",,Q168,Heaven,"['Not at all', 'Very important']",
Q176,Bugünlerde in sanların hangi ahlaki kurallara uyacaklarını şaşırdıkları konusundaki görüşe ne ölçüde kat ılırsınız ya da katılmazsınız? (ANKETÖRE : cetveli bir kez daha açıklayarak gösteriniz.),"['Hiç', '2', '3', '4', '5', '6', '7', '8', '9', '10', 'Fikri Yok', 'Cevap Yok', 'Hiç', '10', 'Hiç', '10']",,Q169,"Whenever science and religion conflict, religion is always right","['Strongly agree', 'Agree', 'Disagree', 'Strongly disagree']",
Q177,Devlet imkânlarından hakkı olmadan yararlanmak,"['Hiç', '2', '3', '4', '5', '6', '7', '8', '9', '10', 'Fikri Yok', 'Cevap Yok']",,Q170,The only acceptable religion is my religion.,"['Strongly agree', 'Agree', 'Disagree', 'Strongly disagree']",
Q178,Toplu taşıma araçlarına biletsiz binmek,"['Hiç', '2', '3', '4', '5', '6', '7', '8', '9', '10', 'Fikri Yok', 'Cevap Yok']",,Q171,"Apart from weddings and funerals, about how often do you attend religious services these days? (Code one answer ):","['Strongly agree', 'Agree', 'Disagree', 'Strongly disagree', '5', '6', '7']",
Q179,Başkasının malını çalmak,"['Hiç', '2', '3', '4', '5', '6', '7', '8', '9', '10', 'Fikri Yok', 'Cevap Yok']",,Q172,"Apart from weddings and funerals, about how often do you pray? (Code one answer ):","['Never', '2', '3', '4', '5', '6', '7', '8']",
Q180,Fırsatını bulduğunda vergi kaçırmak,"['Hiç', '2', '3', '4', '5', '6', '7', '8', '9', '10', 'Fikri Yok', 'Cevap Yok']",,Q173,"Independently of whether you attend religious services or not, would you say you are …? (read out and code one answer ):","['Never', '2', '3']",
Q181,Rüşvet almak,"['Hiç', '2', '3', '4', '5', '6', '7', '8', '9', '10', 'Fikri Yok', 'Cevap Yok']",,Q174,With which one of the following statements do you agree most? The basic meaning of religion is: 1. To follow religious norms and ceremonies 2. To do good to other people,"['Never', '2']",
Q182,Eşcinsellik yani homoseksüellik,"['Hiç', '2', '3', '4', '5', '6', '7', '8', '9', '10', 'Fikri Yok', 'Cevap Yok']",,Q175,And with which of the following statements do you agree most? The basic meaning of religion is: 1. To make sense of life after death 2. To make sense of life in this world WVS,"['Never', '2', '2017', '-2021', '7', 'Fikri Yok', '-3', 'Cevap Yok', '-5', '14', '27']",
Q183,Fahişelik,"['Hiç', '2', '3', '4', '5', '6', '7', '8', '9', '10', 'Fikri Yok', 'Cevap Yok']",,Q176,How much do you agree or disagree with the statement that nowadays one often has trouble deciding which moral rules are the right ones to follow? Completely agree Completely disagree,"['Never', '2', '3', '4', '5', '6', '7', '8', '9', '10']",
Q184,Kürtaj yani çocuk aldırmak,"['Hiç', '2', '3', '4', '5', '6', '7', '8', '9', '10', 'Fikri Yok', 'Cevap Yok']",,Q177,Claiming government benefits to which you are not entitled,"['Completely agree', 'Completely disagree', 'Never', 'Always', '5', '6', '7', '8', '9', '10']",
Q185,Boşanmak,"['Hiç', '2', '3', '4', '5', '6', '7', '8', '9', '10', 'Fikri Yok', 'Cevap Yok']",,Q178,Avoiding a fare on public transport,"['Completely agree', 'Completely disagree', 'Never', 'Always', '5', '6', '7', '8', '9', '10']",
Q186,Evlenmeden önce ilişkiye girmek,"['Hiç', '2', '3', '4', '5', '6', '7', '8', '9', '10', 'Fikri Yok', 'Cevap Yok']",,Q179,Stealing property,"['Completely agree', 'Completely disagree', 'Never', 'Always', '5', '6', '7', '8', '9', '10']",
Q187,İntihar etmek,"['Hiç', '2', '3', '4', '5', '6', '7', '8', '9', '10', 'Fikri Yok', 'Cevap Yok']",,Q180,Cheating on taxes if you have a chance,"['Completely agree', 'Completely disagree', 'Never', 'Always', '5', '6', '7', '8', '9', '10']",
Q188,Ötenazi yani hayatından kesin umut kesilen bir hastayı daha çok ızdırap çekmemesi için öldürmek,"['Hiç', '2', '3', '4', '5', '6', '7', '8', '9', '10', 'Fikri Yok', 'Cevap Yok']",,Q181,Someone accepting a bribe in the course of their duties,"['Completely agree', 'Completely disagree', 'Never', 'Always', '5', '6', '7', '8', '9', '10']",
Q189,Erkeğin karısını dövmesi,"['Hiç', '2', '3', '4', '5', '6', '7', '8', '9', '10', 'Fikri Yok', 'Cevap Yok']",,Q182,Homosexuality,"['Completely agree', 'Completely disagree', 'Never', 'Always', '5', '6', '7', '8', '9', '10']",
Q190,Anne -babanın çocuğunu dövmesi,"['Hiç', '2', '3', '4', '5', '6', '7', '8', '9', '10', 'Fikri Yok', 'Cevap Yok']",,Q183,Prostitution,"['Completely agree', 'Completely disagree', 'Never', 'Always', '5', '6', '7', '8', '9', '10']",
Q191,Başka insanlara karşı şiddete başvurmak,"['Hiç', '2', '3', '4', '5', '6', '7', '8', '9', '10', 'Fikri Yok', 'Cevap Yok']",,Q184,Abortion,"['Completely agree', 'Completely disagree', 'Never', 'Always', '5', '6', '7', '8', '9', '10']",
Q193,Günlük aşk ilişkileri kurma,"['Hiç', '2', '3', '4', '5', '6', '7', '8', '9', '10', 'Fikri Yok', 'Cevap Yok']",,Q185,Divorce,"['Completely agree', 'Completely disagree', 'Never', 'Always', '5', '6', '7', '8', '9', '10']",
Q195,İdam cezası,"['Günlük', '2', '3', '4', '5', '6', '7', '8', '9', '10', 'Fikri Yok', 'Cevap Yok']",,Q186,Sex before marriage,"['Completely agree', 'Completely disagree', 'Never', 'Always', '5', '6', '7', '8', '9', '10']",
Q199,"Siyasete ne derece ilgi duyduğunuzu söyler misiniz? Siyaset yani politika ile çok yakından mı, biraz mı ilgilisiniz? Pek ilgi duymaz mısınız? Yoksa siyasete hiç mi ilgi duymazsınız?","['Günlük', '2', '3', '4', 'Fikri Yok', 'Cevap Yok']",,Q187,Suicide,"['Completely agree', 'Completely disagree', 'Never', 'Always', '5', '6', '7', '8', '9', '10']",
Q200,"Ar kadaşlarınızla bir araya geldiğinizde ne kadar sık politika konuşursunuz? Sık sık mı, arada sırada mı konuşursunuz yoksa hiç konuşmaz mısınız?","['Çok yakın', 'Hiç', '3', 'Fikri Yok', 'Cevap Yok']",,Q188,Euthanasia,"['Completely agree', 'Completely disagree', 'Never', 'Always', '5', '6', '7', '8', '9', '10']",
Q201,Günlük gazete,"['Hiç', 'Günlük', 'Haftalık', 'Ayda bir', 'Ayda bir', 'Cevap Yok']",,Q189,For a man to beat his wife,"['Completely agree', 'Completely disagree', 'Never', 'Always', '5', '6', '7', '8', '9', '10']",
Q202,Televizyon haberleri,"['Günlük', '2', '3', '4', '5', 'Cevap Yok']",,Q190,Parents beating children,"['Completely agree', 'Completely disagree', 'Never', 'Always', '5', '6', '7', '8', '9', '10']",
Q203,Radyo haberleri,"['Günlük', '2', '3', '4', '5', 'Cevap Yok']",,Q191,Violence against other people,"['Completely agree', 'Completely disagree', 'Never', 'Always', '5', '6', '7', '8', '9', '10']",
Q196,Kamuya açık alanla rda insanları video ile izlemek,"['Günlük', '2', '3', '4', 'Fikri Yok', 'Cevap Yok']",,Q192,"Terrorism as a political, ideological or religious mean","['Completely agree', 'Completely disagree', 'Never', 'Always', '5', '6', '7', '8', '9', '10']",
Q197,Internet üzerinden gönderilen bütün e -postaları ve diğer bilgileri izlemek,"['Günlük', '2', '3', '4', 'Fikri Yok', 'Cevap Yok']",,Q193,Having casual sex,"['Completely agree', 'Completely disagree', 'Never', 'Always', '5', '6', '7', '8', '9', '10']",
Q198,"Ülkede yaşayanlarla ilgili, onları n haberi olmadan bilgi toplamak","['Günlük', '2', '3', '4', 'Fikri Yok', 'Cevap Yok']",,Q194,Political violence,"['Completely agree', 'Completely disagree', 'Never', 'Always', '5', '6', '7', '8', '9', '10']",
Q205,e-Mail (elektronik posta),"['Günlük', '2', '3', '4', '5', 'Cevap Yok']",,Q195,Death penalty,"['Completely agree', 'Completely disagree', 'Never', 'Always', '5', '6', '7', '8', '9', '10']",
Q206,Internet,"['Günlük', '2', '3', '4', '5', 'Cevap Yok']",,Q196,Keep people under video surveillance in public areas,"['Completely agree', 'Completely disagree', 'Never', 'Always']",
Q207,"Sosyal medya (Facebook, Twitter, Instagram vb.)","['Günlük', '2', '3', '4', '5', 'Cevap Yok']",,Q197,Monitor all e -mails and any other information exchanged on the Internet,"['Completely agree', 'Completely disagree', 'Never', 'Always']",
Q208,"Dostlar, meslektaşlar","['Günlük', '2', '3', '4', '5', 'Cevap Yok']",,Q198,Collect information about anyone living in this country without their knowledge,"['Completely agree', 'Completely disagree', 'Never', 'Always']",
Q209,Toplu bir dilekçeye imza atmak,"['Kesinlikle Katılmam', '2', '3', 'Fikri Yok', 'Cevap Yok']",,Q199,How interested would you say you are in politics? Are you (read out and code one answer ):,"['Completely agree', 'Completely disagree', 'Never', 'Always']",
Q210,Bir boykota katılmak,"['Kesinlikle Katılmam', '2', '3', 'Fikri Yok', 'Cevap Yok']",,Q200,"When you get together with your friends, would you say you discuss political matters frequently, occasionally or never?","['Not at all', '2', '3', '2017', '-2021', '7', 'Fikri Yok', '-3', 'Cevap Yok', '-5', '15', '27']",
Q211,Barışçı gösterilere katılmak,"['Kesinlikle Katılmam', '2', '3', 'Fikri Yok', 'Cevap Yok']",,Q201,Daily newspaper,"['Frequently', 'Never', 'Daily', 'Weekly', 'Monthly']",
Q212,Bir greve katılmak,"['Kesinlikle Katılmam', '2', '3', 'Fikri Yok', 'Cevap Yok']",,Q202,TV news,"['Daily', '2', '3', '4', '5']",
Q213,Bir gruba veya kampanyaya bağışta bulunmak,"['Yaptım Gerekirse', 'Yapabilirim', 'Asla', 'Fikri Yok', 'Cevap Yok']",,Q203,Radio news,"['Daily', '2', '3', '4', '5']",
Q214,Bir hükümet yetkilisi ile temas kurmak,"['Yaptım Gerekirse', 'Yapabilirim', 'Asla', 'Fikri Yok', 'Cevap Yok']",,Q204,Mobile phone,"['Daily', '2', '3', '4', '5']",
Q215,Başkalarını siyasal konularda tavır almaya teşvik etmek,"['Yaptım Gerekirse', 'Yapabilirim', 'Asla', 'Fikri Yok', 'Cevap Yok']",,Q205,Email,"['Daily', '2', '3', '4', '5']",
Q216,Başkalarını oy kullanmaya teşvik etmek,"['Yaptım Gerekirse', 'Yapabilirim', 'Asla', 'Fikri Yok', 'Cevap Yok', '217', '220', '-3', '221', '217', '-220']",,Q206,Internet,"['Daily', '2', '3', '4', '5']",
Q217,Siyaset veya siyasi olaylar hakkında bilgi edinmek,"['Yaptım Gerekirse', 'Asla', '3', '-3']",,Q207,"Social media (Facebook, Twitter, etc.)","['Daily', '2', '3', '4', '5']",
Q218,Elektronik ortamda bir toplu dilekçe imzalamak,"['Yaptım Gerekirse', 'Asla', '3', '-3']",,Q208,Talk with friends or colleagues,"['Daily', '2', '3', '4', '5']",
Q219,Diğer insanları barışçıl siyasal süreçlere teşvik etmek,"['Yaptım Gerekirse', 'Asla', '3', '-3']",,Q209,Signing a petition,"['Have done', 'Might do', 'Would never do']",
Q220,"Siyasal faaliyetler, toplantılar veya protestolar organize etmek","['Yaptım Gerekirse', 'Asla', '3', '-3']",,Q210,Joining in boycotts,"['Have done', 'Might do', 'Would never do']",
Q221,Yerel seçimler,"['Her zaman', 'Genellikle', 'Hiç', 'Oy kullanma hakkım yok', 'Fikri Yok', 'Cevap Yok']",,Q211,Attending peaceful demonstrations,"['Have done', 'Might do', 'Would never do']",
Q222,Genel seçimler,"['Her zaman', 'Genellikle', 'Hiç', 'Oy kullanma hakkım yok', 'Fikri Yok', 'Cevap Yok']",,Q212,Joining strikes,"['Have done', 'Might do', 'Would never do']",
Q223,"Yarın bir genel seçim olsaydı, siz hangi partiye oy verirdiniz? (ANKETÖRE : Eğer “kararsızım”, “bilmiyorum” gibi bir cevap verirse, o zaman “size hangi parti daha yakın geliyor” diye sorunuz.)","['Her zaman', 'Genellikle', 'Hiç', 'Oy kullanma hakkım yok', '5', '6', '10', 'Cevap Yok']",,Q213,Donating to a group or campaign,"['Have done', 'Might do', 'Would never do']",
Q225,Muhalif adayların seçime katılması engellenir,"['İyi', 'Çok sık', 'Pek sık rastlanmaz', 'Hiç rastlanmaz', 'Fikri Yok', 'Cevap Yok']",,Q214,Contacting a government official,"['Have done', 'Might do', 'Would never do']",
Q226,Televizyon haberleri iktidar yanlısıdır,"['İyi', 'Çok sık', 'Pek sık rastlanmaz', 'Hiç rastlanmaz', 'Fikri Yok', 'Cevap Yok']",,Q215,Encouraging others to take action about political issues,"['Have done', 'Might do', 'Would never do']",
Q227,Seçmenlere rüşvet verilir,"['İyi', 'Çok sık', 'Pek sık rastlanmaz', 'Hiç rastlanmaz', 'Fikri Yok', 'Cevap Yok']",,Q216,Encouraging others to vote,"['Have done', 'Might do', 'Would never do']",
Q228,Gazeteciler seçim haberlerini tarafsız olarak verirler,"['İyi', 'Çok sık', 'Pek sık rastlanmaz', 'Hiç rastlanmaz', 'Fikri Yok', 'Cevap Yok']",,Q217,Searching information about politics and political events,"['Have done', 'Might do', 'Would never do']",
Q229,Seçimleri gözetleyen/denetleyen yetkililer âdil davranırlar,"['İyi', 'Çok sık', 'Pek sık rastlanmaz', 'Hiç rastlanmaz', 'Fikri Yok', 'Cevap Yok']",,Q218,Signing an electronic petition,"['Have done', 'Might do', 'Would never do']",
Q230,Zenginler seçimleri satın alabilir,"['İyi', 'Çok sık', 'Pek sık rastlanmaz', 'Hiç rastlanmaz', 'Fikri Yok', 'Cevap Yok']",,Q219,Encouraging other people to take any form of political action,"['Have done', 'Might do', 'Would never do']",
Q231,Sandığa giden seçmenler şiddet tehdidiyle karşılaşır,"['İyi', 'Çok sık', 'Pek sık rastlanmaz', 'Hiç rastlanmaz', 'Fikri Yok', 'Cevap Yok']",,Q220,"Organizing political activities, events, protests","['Have done', 'Might do', 'Would never do']",
Q232,"Seçimlerde, seçmenlere gerçek bir seçim yapma olanağı sunulur","['İyi', 'Çok sık', 'Pek sık rastlanmaz', 'Hiç rastlanmaz', 'Fikri Yok', 'Cevap Yok']",,Q221,Local level,"['Always', 'Usually', 'Never', 'Not allowed to vote']",
Q233,Kadınlar da aday olabilmek için eşit şansa sahiptir,"['İyi', 'Çok sık', 'Pek sık rastlanmaz', 'Hiç rastlanmaz', 'Fikri Yok', 'Cevap Yok']",,Q222,National level,"['Always', 'Usually', 'Never', 'Not allowed to vote', '2017', '-2021', '7', 'Fikri Yok', '-3', 'Cevap Yok', '-5', '16', '27']",
Q234,"Bazı insanlar, ülkede dürüst/âdil seçimler olmasının hayatlarında önemli bir fark yarattığını düşünür. Bazıları ise bunun fazla önemli olmadığını düşünür. Siz, dürüst ve âdil seçimlerin sizin şahsınız için ne kadar önem taşıdığını düşünürsünüz? Çok önemli mi, biraz önemli mi? Pek önemli değil mi, yoksa hiç mi önemli değil?","['İyi', 'Çok sık', 'Pek sık rastlanmaz', 'Hiç rastlanmaz', 'Fikri Yok', 'Cevap Yok']",,Q223,"If there were a national election tomorrow, for which party on this list would you vote? Just call out the number on this card. If DON'T KNOW: Which party appeals to you most? 1. Party","['Always', 'Always', 'Usually', 'Usually', 'Never', 'Never', 'Not allowed to vote']",
Q235,"Parlamentoyla, seçimlerle uğraşmak zorunda kalmayan güçlü bir lidere sahip olmak","['Hiç', 'İyi', 'İyi', 'Kötü', 'Fikri Yok', 'Cevap Yok']",,Q224,Votes are counted fairly,"['Very often', 'Fairly often', 'Not often', 'Not at all']",
Q236,"Hükümet yerine uzmanların, ülke için en iyi olduğuna inandıkları şeyleri yapmaları","['Hiç', 'İyi', 'İyi', 'Kötü', 'Fikri Yok', 'Cevap Yok']",,Q225,Opposition candidates are prevented from running,"['Very often', 'Fairly often', 'Not often', 'Not at all']",
Q237,Not asked,[],,Q226,TV news favors the governing party,"['Very often', 'Fairly often', 'Not often', 'Not at all']",
Q239,Siyasi partiler ve seçimlerin olmadığı bir dini sistemle yönetilmek,"['Hiç', 'İyi', 'İyi', 'Kötü', 'Fikri Yok', 'Cevap Yok']",,Q227,Voters are bribed,"['Very often', 'Fairly often', 'Not often', 'Not at all']",
Q240,Siyasi konularda “sol”dan ve “sağ”dan bahsedildiğini sık sık duyuyoruz. Aşağıda,"['10', 'Hiç', '10', 'Hiç', 'İyi', 'İyi', 'Kötü', 'Kötü', '6', '7', '8', '9', '10', 'Fikri Yok', 'Cevap Yok', 'Hiç', '10']",,Q228,Journalists provide fair coverage of elections,"['Very often', 'Fairly often', 'Not often', 'Not at all']",
Q241,"Devletin zenginlerden vergi alıp, yoksulları desteklemesi","['Hiç', '2', '3', '4', '5', '6', '7', '8', '9', '10', 'Fikri Yok', 'Cevap Yok']",,Q229,Election officials are fair,"['Very often', 'Fairly often', 'Not often', 'Not at all']",
Q242,Din bilginlerinin yasaları yorumlaması,"['Hiç', '2', '3', '4', '5', '6', '7', '8', '9', '10', 'Fikri Yok', 'Cevap Yok']",,Q230,Rich people buy elections,"['Very often', 'Fairly often', 'Not often', 'Not at all']",
Q243,"Yurttaşların liderlerini, özgür seçimler aracılığıyla seçebilmesi","['Hiç', '2', '3', '4', '5', '6', '7', '8', '9', '10', 'Fikri Yok', 'Cevap Yok']",,Q231,Voters are threatened with violence at the polls,"['Very often', 'Fairly often', 'Not often', 'Not at all']",
Q244,Yurttaşların devletten işsizlik sigortası alabilmesi,"['Hiç', '2', '3', '4', '5', '6', '7', '8', '9', '10', 'Fikri Yok', 'Cevap Yok']",,Q232,Voters are offered a genuine choice in the elections,"['Very often', 'Fairly often', 'Not often', 'Not at all']",
Q245,Not asked,[],,Q233,Women have equal opportunities to run the office,"['Very often', 'Fairly often', 'Not often', 'Not at all']",
Q246,Temel hakların insanları devlet baskısından koruması,"['Hiç', '2', '3', '4', '5', '6', '7', '8', '9', '10', 'Fikri Yok', 'Cevap Yok']",,Q234,"Some people think that having honest elections makes a lot of difference in their lives; other people think that it doesn’t matter much. How important would you say is having honest elections for you —very important, rather important, not very important or not at all important? 1. Very important 2. Rather important 3. Not very important 4. Not at all important Question is asked within the framework of the WVSA’s cooperation with the UNDP – United Nations Developm ent Program and the UNDP Oslo Governance center, contributing towards the pilot of the new official measure for SDG indicator number 16.7.","['Very often', 'Fairly often', 'Not often', 'Not at all', '16', '7', 'Fairly often', 'Very often', 'Very often', 'Fairly often', 'Not often', 'Not at all', '5']",
Q247,"Devletin, insanların","['Hiç', '2', '3', '4', '5', '6', '7', '8', '9', '10', 'Fikri Yok', 'Cevap Yok']",,Q235,Having a strong leader who does not have to bother with parliament and elections,"['Very important', 'Rather important', 'Not very important', 'Not at all']",
Q248,"İnsanların, yöneticileri itaat etmesi, sözünden çıkmaması","['Hiç', '2', '3', '4', '5', '6', '7', '8', '9', '10', 'Fikri Yok', 'Cevap Yok']",,Q236,"Having experts, not government, make decisions according to what they think is best for the country","['Very important', 'Rather important', 'Not very important', 'Not at all']",
Q249,Kadınların erkeklerle aynı haklara sahip olması,"['Hiç', '2', '3', '4', '5', '6', '7', '8', '9', '10', 'Fikri Yok', 'Cevap Yok']",,Q237,Having the army rule,"['Very important', 'Rather important', 'Not very important', 'Not at all']",
Q250,"Sizin, kendiniz için demokratik yönetime sahip bir ülkede yaşamak ne kadar önemlidir? Gene","['10', 'Hiç', '10', 'Hiç', '2', '3', '4', '5', '6', '7', '8', '9', '10', 'Fikri Yok', 'Cevap Yok']",,Q238,Having a democratic political system,"['Very important', 'Rather important', 'Not very important', 'Not at all']",
Q251,"Peki bizim ülkemiz bugün ne ölçüde demokratik olara k yönetiliyor? Hiç demokratik olarak yönetilmediğini düşünüyorsanız “1”, tamamen d emokratik olarak yönetildiğini düşünüyorsanız “","['Hiç', '10', 'Hiç', '2', '3', '4', '5', '6', '7', '8', '9', '10', 'Fikri Yok', 'Cevap Yok']",,Q239,Having a system governed by religious law in which there are no political parties or elections,"['Very important', 'Rather important', 'Not very important', 'Not at all', '2017', '-2021', 'Very good', 'Fikri Yok', '-3', 'Cevap Yok', '-5', '17', '27']",
Q252,İnsanların bu ülkedeki YÖNETİM SİSTEMİ ile ilgili değişik fikirleri var. Ülkede genel olarak işlerin nasıl gittiği konusunda,"['Hiç', '10', 'Hiç', '10', 'Hiç', '2', '3', '4', '5', '6', '7', '8', '9', '10', 'Fikri Yok', 'Cevap Yok']",,Q240,"In political matters, people talk of ""the left"" and ""the right."" How would you place your views on this scale, generally speaking? (Code one number ): Left Right","['Very important', 'Rather important', 'Not very important', 'Not at all', 'A great deal', 'Not at all', 'Very good', 'Fairly good', 'Fairly bad', 'Very bad']",
Q253,Bugünlerde ülkemizde insan haklarına ne kadar saygı gösteriliyor? Mesela şu şıklardan hangisine katılırsınız? (ANKETÖRE : Aşağıdaki dört şıkkı okuyunuz.),"['Çok kötü', 'Çok iyi', '3', '4', 'Fikri Yok', 'Cevap Yok']",,Q241,Governments tax the rich and subsidize the poor.,"['Very important', 'Rather important', 'Not very important', 'Not at all', 'A great deal', 'Not at all', 'Very good', 'Fairly good', 'Fairly bad', 'Very bad']",
Q254,Türk olmaktan ne kadar gurur duyuyorsunuz? Şu şıklardan birini seçiniz. (ANKETÖRE : sadece ilk dört şıkkı okuyunuz .),"['Çok kötü', 'Çok iyi']",,Q242,Religious authorities ultimately interpret the laws.,"['Very important', 'Rather important', 'Not very important', 'Not at all', 'A great deal', 'Not at all', 'Very good', 'Fairly good', 'Fairly bad', 'Very bad']",
Q255,Yaşadığınız kasaba veya şehir,"['Hiç', 'Çok yakın', 'Yakın', 'Pek yakın değil', 'Fikri Yok', 'Cevap Yok']",,Q243,People choose their leaders in free elections.,"['Very important', 'Rather important', 'Not very important', 'Not at all', 'A great deal', 'Not at all', 'Very good', 'Fairly good', 'Fairly bad', 'Very bad']",
Q256,"Yaşadığınız bölge (Marmara, Karadeniz, Doğu vb.)","['Hiç', 'Çok yakın', 'Yakın', 'Pek yakın değil', 'Fikri Yok', 'Cevap Yok']",,Q244,People receive state aid for unemployment.,"['Very important', 'Rather important', 'Not very important', 'Not at all', 'A great deal', 'Not at all', 'Very good', 'Fairly good', 'Fairly bad', 'Very bad']",
Q257,Türkiye,"['Hiç', 'Çok yakın', 'Yakın', 'Pek yakın değil', 'Fikri Yok', 'Cevap Yok']",,Q245,The army takes over when government is incompetent.,"['Very important', 'Rather important', 'Not very important', 'Not at all', 'A great deal', 'Not at all', 'Very good', 'Fairly good', 'Fairly bad', 'Very bad']",
Q258,Avrupa,"['Hiç', 'Çok yakın', 'Yakın', 'Pek yakın değil', 'Fikri Yok', 'Cevap Yok']",,Q246,Civil rights protect people from state oppression.,"['Very important', 'Rather important', 'Not very important', 'Not at all', 'A great deal', 'Not at all', 'Very good', 'Fairly good', 'Fairly bad', 'Very bad']",
Q259,Tüm dünya,"['Hiç', 'Çok yakın', 'Yakın', 'Pek yakın değil', 'Fikri Yok', 'Cevap Yok']",,Q247,The state makes people’s incomes equal.,"['Very important', 'Rather important', 'Not very important', 'Not at all', 'A great deal', 'Not at all', 'Very good', 'Fairly good', 'Fairly bad', 'Very bad']",
Q260,(ANKETÖRE : SORMAYINIZ; d eneğin cinsiyetini kodlayınız),"['Hiç', 'Çok yakın']",,Q248,People obey their rulers.,"['Very important', 'Rather important', 'Not very important', 'Not at all', 'A great deal', 'Not at all', 'Very good', 'Fairly good', 'Fairly bad', 'Very bad']",
Q261,Doğum yılınızı söyler misiniz? ..........................,[],,Q249,Women have the same rights as men.,"['Very important', 'Rather important', 'Not very important', 'Not at all', 'A great deal', 'Not at all', 'Very good', 'Fairly good', 'Fairly bad', 'Very bad']",
Q262,(Eğer doğum yılını bilmiyorsa) Peki kaç yaşındasınız? .................................,[],,Q250,How important is it for you to live in a country that is governed democratically? On this scale where,"['Very important', 'Very bad', 'Very important', 'Rather important', 'Not very important', 'Not at all', 'A great deal', 'Not at all', 'Very good', 'Fairly good', 'Fairly bad', 'Very bad']",
Q263,"Siz Türkiye’de mi doğdunuz, yoksa Türkiye’ye göçmen olarak mı geldiniz? (ANKETÖRE : Cevabı kodlayınız)",[],,Q251,And how democratically is this country being governed today? Again using a scale from,"['Not at all', '10', 'Not at all', '10', 'Not at all', '2', '3', '4', '5', '6', '7', '8', '9', '10']",
Q264,-265. Anneniz ve babanız bu ülkeye göçmen olarak mı geldile r? Lütfen ayrı ayrı belirtiniz.,['-265'],,Q252,On a scale from,"['Not at all', '10', 'Not at all', '10', 'Not at all', '2', '3', '4', '5', '6', '7', '8', '9', '10']",
Q266,"-268. Siz, anneniz ve babanız hangi ülkede doğdu? (ANKETÖRE : Deneğin belirttiği ülkenin adını yazınız) Q263. Görüşülen Kişi Q264. Annesi Q265. Babası 1. Türkiye'de doğdu","['-268', '263', '264', '265', 'Hiç', 'Hiç', 'Hiç', 'Hiç', 'Çok yakın', 'Çok yakın', 'Çok yakın', 'Çok yakın']",,Q253,How much respect is there for individual human rights nowadays in this country? Do you feel there is (read out and code one answer ):,"['Not at all', '2', '3', '4']",
Q269,Türkiye Cumhuriyeti vatandaşı mısınız?,"['Hiç', 'Çok yakın', 'Cevap Yok']",,Q254,How proud are you to be [ country’s nationality ]? (Read out and code one answer ):,"['A great deal', '3', '5', 'Not much', '4', '2017', '-2021', '7', 'Fikri Yok', '-3', 'Cevap Yok', '-5', '18', '27']",
Q270,"Siz ve çocuklar dâhil , hanenizde sürekli olarak kaç kişi yaşıyor? ................",[],,Q255,"Your [village, town or city]","['Not at all', 'Very close', 'Close', 'Not very close']",
Q271,Şu anda anneniz veya babanızla veya kayınvalide/kayınpederinizle birlikte mi yaşıyorsunuz?,"['Hiç', 'Çok yakın', 'Yakın', 'Pek yakın değil', 'Cevap Yok', '90', 'Pek yakın değil', 'Hiç', '500', '500', 'Hiç', 'Hiç', 'Hiç', 'Hiç', 'Hiç', '500', 'Hiç', '500', 'Çok yakın', 'Hiç', 'Çok yakın', 'Hiç', 'Yakın', 'Hiç', 'Yakın', 'Hiç', 'Pek yakın değil', 'Hiç', 'Pek yakın değil', 'Hiç', 'Hiç', 'Hiç']",,Q256,"Your [county, region, district]","['Not at all', 'Very close', 'Close', 'Not very close']",
Q272,Normalde evde hangi dili veya dilleri konuşursunuz? (ANKETÖRE : En fazla iki dil yazınız) 1. ................................. -,"['Hiç', 'Cevap Yok', 'Çok yakın']",,Q257,[Country],"['Not at all', 'Very close', 'Close', 'Not very close']",
Q273,Şu andaki medeni durumunuz aşağıda sayacaklarımdan hangisidir? (ANKETÖRE : Şıkları okuyunuz ve tek bir şıkkı işaretleyiniz),"['Hiç', 'Çok yakın', 'Yakın', 'Pek yakın değil', 'Hiç', '6', 'Hiç', 'Cevap Yok', '275', '276', '277', '278', 'Hiç', 'Hiç', 'Hiç', 'Hiç', 'Hiç', 'Hiç', 'Hiç', 'Hiç', 'Hiç', 'Hiç', 'Çok yakın', 'Çok yakın', 'Çok yakın', 'Çok yakın', 'Çok yakın', 'Yakın', 'Yakın', 'Yakın', 'Yakın', 'Yakın', 'Pek yakın değil', 'Pek yakın değil', 'Pek yakın değil', 'Pek yakın değil', 'Pek yakın değil', 'Hiç', 'Hiç', 'Hiç', 'Hiç', 'Hiç', '6', '6', '6', '6', '6', '7', '7', '7', '7', '7', '8', '8', '8', '8', '8']",,Q258,"[Continent; e.g. Europe, Asia etc.]","['Not at all', 'Very close', 'Close', 'Not very close']",
Q279,"Bir işte çalışıyor musunuz? Yani şu anda para kazandığınız bir iş yapıyor musunuz? (ÇALIŞIYORSA) Şunlardan hangisi, esas yaptığınız işi en iyi tanımlıyor?","['Hiç', '30', '2', '30', '3', '4', '5', '6', '7', '8', 'Cevap Yok']",,Q259,World,"['Not at all', 'Very close', 'Close', 'Not very close']",
Q280,"Eşiniz bir işte çalışıyor mu? En son çalıştığı işten para kazanıyor muydu? (ÇALIŞIYORSA) Şunlardan hangisi, esas yaptığı işi en iyi tanımlıyor?","['Hiç', '30', '2', '30', '3', '4', '5', '6', '7']",,Q260,"Respondent’s sex (Code respondent’s sex by observation , don’t ask about it! ):","['Not at all', 'Very close', '261']",
Q281,Aşağıdakilerden hangisi şu andaki işinizi veya şu an çalışmıyorsanız en son işinizi en iyi tanımlıyor?,[],,Q262,This means you are __ _____ years old (write in age in two digits ).,[],
Q282,Aşağıdakilerden hangisi eşinizin şu andaki işini veya şu an çalışmıyorsa en son işini en iyi tanımlıyor?,[],,Q263,Were you born in this country or are you an immigrant to this country? (Code one answer),[],
Q283,Aşağıdakilerden hangisi babanızın siz,"['14', '281', '282', '283', 'Hiç', '10', 'Hiç', 'Hiç', 'Hiç', '2', '10', '2', '2', '2', '3', '3', '3', '3', '4', '4', '4', '4', '5', '5', '5', '5', '6', '6', '6', '6', '7', '7', '7', '7', '8', '8', '8', '8', '9', '9', '9', '9', '10', '10', '10', '10', '11', '11', '11', '11', '12', '12', '12', '12', 'Hiç', 'Hiç', 'Hiç', 'Hiç', 'Fikri Yok', 'Cevap Yok', 'Fikri Yok', 'Cevap Yok', 'Fikri Yok', 'Cevap Yok']",,Q264,"-265. Are your mother and father immigrants to this country or not? Please, indicate separately for each of them (read out and code one answer for each ):",['-265'],
Q284,Şu andaki işinizde veya en son işinizde çalıştığınız sektör şunlardan hangisi?,"['Hiç', '2', '3']",,Q266,"-268. In which country were you, your father and your mother (or those who raised you) born? (Interviewer, write the country name as stated by the respondent and use the list of codes to code the country later , after the interview is completed)",['-268'],
Q285,Hanenizin “ekmek parasını” esas olarak siz mi kazanıyorsunuz?,"['Hiç', '2', 'Cevap Yok']",,Q263,Respondent Q264. Mother of the respondent Q265. Father of the respondent 1. Born in this [country],"['264', '265', 'Not at all', 'Not at all', 'Not at all', 'Not at all', 'Very close', 'Very close', 'Very close', 'Very close']",
Q286,Ailenizin son yıl içindeki maddi durumu şunlardan hangisine uygun? Son bir yıl içinde:,"['Hiç', '2', '3', '4', 'Fikri Yok', 'Cevap Yok']",,Q266,Respondent Q267. Mother of the respondent Q268. Father of the respondent Country of birth: write in the name of country _________________ _________________ _________________ CODE this country (use ISO codes),"['267', '268']",
Q287,"İnsanlar bazen kendilerini bir sınıfa mensup olarak görürler? Siz, kendinizi şu sınıflardan hangisine ait görürsünüz? (ANKETÖRE : şıkları okuyunuz. Sadece “orta sınıf” diyenler için, “orta sınıftakileri ortadan ikiye bölsek, siz bu çizginin üstünde mi, altında mı kalırsınız?” şeklinde bir açıklama getiriniz.)","['Hiç', '2', '3', '4', '5', 'Fikri Yok', 'Cevap Yok']",,Q269,Are you a citizen of this country?,"['Not at all', 'Very close']",
Q288,"Türkiye’de yaşayan insanların, gelir durumları bakımından","['10', 'Hiç', '10', 'Hiç', '2', '3', '4', '5', '6', '7', '8', '9', '10', 'Fikri Yok', 'Cevap Yok']",,Q270,"Including yourself, how many people – including children – live here regularly as members of this household? _____________",[],
Q290,Siz kendinizi Türkiye’de herhangi bir etnik azınlık grubunun üyesi olarak mı görürsünüz?,"['Hiç', '69', '2']",,Q271,"Do you live with your parents or your parents in law? ( Code one answer ): 1. No 2. Yes, own parent(s) 3. Yes, parent(s) in law 4. Yes, both own parent(s) and parent(s) in law WVS","['Not at all', 'Very close', 'Close', 'Not very close', '2017', '-2021', '7', 'Fikri Yok', '-3', 'Cevap Yok', '-5', '19', '27']",
